"Label","KPC1","KPC2","KPC3","KPC4","KPC5","KPC6","KPC7","KPC8","KPC9","KPC10","KPC11","KPC12"
0,0.0861284568652028,0.0882421580952999,-0.0984978585664989,-0.0968627660222069,0.0940388360079698,0.0879546929028909,0.0960240545502199,0.0917498689008644,0.0995312723245362,0.0898986999744524,0.0694252661126945,0.049433172872967
0,0.0861322714504489,0.0882512306287584,-0.0985382606171405,-0.0969058905554102,0.094093162498285,0.0880651104494902,0.096201229492834,0.0920371689202028,0.0999079065530963,0.0910197094905781,0.0706069451549931,0.0577488359012768
0,0.087492491345069,0.0921317808463942,-0.11472937410323,-0.114452109218289,0.117432987831679,0.158558976750588,0.446057721508046,-11.5745173828859,-0.525154250920791,-0.0397293840294765,-0.0217579608918158,-0.0138230368493972
0,0.0861272779813591,0.0882388942035855,-0.0984856158145736,-0.0968495907442937,0.0940222764193918,0.087919500172196,0.0959549211956437,0.0916649275290062,0.099421901427606,0.0896244914642853,0.0691484316143395,0.0492255597630409
0,0.0861453405242016,0.0882900671134794,-0.0982723663188657,-0.0970013244139077,0.0942352982139809,0.0884499475596607,0.0970397144536447,0.0929661588648395,0.101114095136694,0.0859925368706168,0.07360947831368,0.0503711657659152
0,0.0861295018784295,0.0882451013351349,-0.0985084811180491,-0.0968743656942143,0.0940536035101296,0.0879863867684041,0.0960858574441454,0.0918261029197628,0.0996294851207529,0.0901494462780421,0.0696748494203462,0.0496187618406577
0,0.0861283918851795,0.0882419814231053,-0.0984971647894302,-0.096862008089263,0.0940379622033761,0.0879528414396357,0.0960202583008844,0.091743149634724,0.099525268602596,0.0898874604312988,0.0694097501770895,0.049422252364335
0,0.0134589137133655,0.0873816839549912,-0.0979994601387885,-0.0964951825698178,0.0904623978163995,0.0876801257543001,0.0965893277877201,0.0925879457545332,0.100741021549218,0.0938573481125157,0.073894281873088,0.051856652238478
0,0.0861295022109386,0.0882450694135378,-0.0985087500634971,-0.0968744707812177,0.0940539785160397,0.0879858610614943,0.0960851223074524,0.0918251976280606,0.099629198283742,0.0901496535650806,0.0696738080269439,0.0496209776780787
0,0.0861335350259447,0.0882860930670221,-0.0986623507157451,-0.0970423083585993,0.0942686559952214,0.0884244704274875,0.0969486304879303,0.0929100195860331,0.101032689156358,0.0933027252482641,0.0735954981644612,0.0540879235766396
0,0.0861312053289821,0.0882498169501619,-0.0985259453322491,-0.096895018729282,0.0940778867830344,0.0880374280798235,0.0962159145089011,0.0906644198235247,0.0997084307153595,0.0905039484404775,0.070040377311423,0.0499010747229264
0,0.0861283919430914,0.0882419791219952,-0.0984968096286872,-0.0968627793461179,0.0940372624646331,0.0879532658867213,0.0960217759295943,0.0917458668437245,0.0995254152323415,0.0898852208560478,0.0694093604102036,0.0494155877141758
0,0.0861298477672714,0.0882460038497239,-0.0985034218417797,-0.0968771906976265,0.0940584924750419,0.0879969364011961,0.0958780790825734,0.0918410763878451,0.0996571543351522,0.0903334833152951,0.0707958545402765,0.0449813099197595
0,0.0861283921204673,0.0882419796180164,-0.0984971535813708,-0.0968620938642224,0.0940378726744265,0.0879533364588567,0.0960190344177022,0.0917440629236365,0.0995246841703021,0.0898855626225967,0.0694098285124606,0.0494252825636361
0,0.0861297941577523,0.0882458808490472,-0.0985119171322644,-0.096877777876731,0.0940578734488448,0.0879939700635451,0.0961097405443639,0.091762068283018,0.0996477498480732,0.0902014204373837,0.0697215849097734,0.0496552462585671
0,0.0861679541418665,0.0883340789430984,-0.098935613467817,-0.0973327802628061,0.0946215033854975,0.0864008358011525,0.0975821384074505,0.0948341462430427,0.10359384363347,0.103507477970087,0.0419098044760088,0.172438178479497
0,0.0861274924373264,0.0882374594829993,-0.0984729108650355,-0.0968512046770051,0.093977257643562,0.087927253554649,0.0949640243156853,0.0916278595381482,0.0993953740108808,0.08963285222596,0.0692936953834159,0.0517151753949023
0,0.0861286159190973,0.0882426708270235,-0.0985003667379055,-0.0968655532004217,0.0940415921611654,0.0875994926921178,0.0960205007946429,0.0917536685636886,0.099537367053722,0.0899215856924494,0.0694506622740618,0.0494626700965882
0,0.0861284037136257,0.0882420135493925,-0.0984972885525491,-0.0968621863876489,0.0940381113772333,0.0879530774275223,0.0960211979708433,0.0917438130933176,0.0995277577914237,0.0898834479215564,0.0694120058653088,0.0494176972587512
0,0.0861294106535646,0.0882445824016515,-0.0985079989395896,-0.0968736619398581,0.0940526762491825,0.0879839808258317,0.0960751760769811,0.0918305344334069,0.0996300928598645,0.0901007169252534,0.0697781876322687,0.0510665111010806
0,0.0861317285854464,0.0882514949889938,-0.0985368739783876,-0.096905032876871,0.0940950396155349,0.0881234872680286,0.096849790526808,0.0645294490283214,0.0980826530699287,0.0896644377591369,0.069311294787674,0.0491721648098048
0,0.0861283918402777,0.0882419789312752,-0.0984971704867937,-0.096862050247832,0.0940379392583042,0.087952701543076,0.0960203519641696,0.0917433396637584,0.0995276097406208,0.0898595330619462,0.0694098594838316,0.0494137342638073
0,0.086158703110526,0.0865285633720392,-0.0987242428905928,-0.0971003547516844,0.0943446269653319,0.0879384950499254,0.0973072233578674,0.0936057861220025,0.102013072802663,0.103969082457456,-0.283703698725373,0.0636897257176681
0,0.0861283919524418,0.0882419789034223,-0.0984971695225575,-0.096862051018377,0.0940379431937948,0.0879526883917761,0.0960202336945138,0.091744848320875,0.0995253053032135,0.0898609104419059,0.0694261750761145,0.0494255900925644
0,0.0861284123634147,0.0882420351118558,-0.0984973839662077,-0.0968622773467871,0.0940382274422037,0.0879533313322926,0.0960214241423582,0.0917463971791264,0.0995270026684668,0.0898891178716429,0.0694158089715907,0.0494290390172508
0,0.0861342281998852,0.0882404797876428,-0.0977666553446203,-0.0968399611305074,0.0937950182411525,0.0882763496146542,0.0651511404003322,0.0905691154542875,0.0986678079217447,0.0896290702450324,0.0703213985849344,0.0685211417213891
0,0.0861288842596226,0.0882433593176877,-0.0984806738483515,-0.0968647953349693,0.0940438194966862,0.0879665683088641,0.0960609414860358,0.0917799270567997,0.0995703413893313,0.0899989346923066,0.0695961553017688,0.0493099556124727
0,0.0861283940046044,0.0882419837576664,-0.0984971865972852,-0.0968620737363598,0.0940379693937104,0.0879527616479318,0.09602031717697,0.0917450571610507,0.0995252426368038,0.0898856767519856,0.0694122366355432,0.0494196714623253
0,0.0861295085981176,0.0882450073806995,-0.0985088965707304,-0.0968745785225857,0.0940537541513526,0.0879862405752461,0.0960855869708736,0.0918257049253079,0.099628989731387,0.0901491778791446,0.0696937560146332,0.0496266278231189
0,0.0861545044257779,0.0856153004189082,-0.0988285763953916,-0.0972994121586928,0.0804152601401839,0.0876883228460936,0.0966669874532323,0.0920696773450507,0.099972295581652,0.0912508942710951,0.0708574924043305,0.0498750573300935
0,0.0861294129384162,0.088245455862926,-0.0980619842730346,-0.0968177371043402,0.0940338638117253,0.0879791071833631,0.0963349386169457,0.0862167221118756,0.0992317004110341,0.0897903367913446,0.069379331832448,0.0494409489114139
0,0.0874262081677846,0.0919520286429151,-0.114121201276524,-0.113792547506275,0.116626286518094,0.157089487230814,0.443349360442953,-11.5578786209837,-0.526884933920308,-0.0430272115685134,-0.0244156328947352,-0.0161208899578528
0,0.086135184609211,0.0878341895157015,-0.0981618387514929,-0.096875027020044,0.0941025100669306,0.0882513847306074,0.0706096318701059,0.0908575232090991,0.0989301494654657,0.0904107680092016,0.0740687672069825,0.131618047553651
0,0.0861270713653375,0.0882419795996512,-0.0984972186071493,-0.0968621046551333,0.0940380059643293,0.0879528681481726,0.0960205227508489,0.0917452574591669,0.0995255348079831,0.0898867087637996,0.0694104479235328,0.0494302003098757
0,0.0861283914127065,0.0882419777029313,-0.0984971710319222,-0.0968620481485004,0.0940379417597013,0.0879527088308596,0.096020196035671,0.0917449123003529,0.0995250690851573,0.0898853408185831,0.0694093098128592,0.049423408853692
0,0.0861295022577774,0.0882450707388015,-0.0985088377566552,-0.0968745128432665,0.0940536773382541,0.0879860903928079,0.0960853089559216,0.091825274461704,0.0996284464037589,0.0901479985142569,0.0696723272583541,0.0496238827547935
0,0.086127457562542,0.0882393797952003,-0.0984873092785422,-0.0968515728416872,0.0940247280776602,0.0879247820092901,0.0959656669071924,0.091678119057303,0.0994394371972512,0.0896869461949475,0.0693763322325635,0.0485460763623345
0,0.0861283917749546,0.0882419783005147,-0.098497170258256,-0.096862048300141,0.0940379403017418,0.0879527051487257,0.0960202307187359,0.0917449383694841,0.099525057944604,0.0898851327621623,0.0694094054857068,0.0494213217742215
0,0.086129566163164,0.0882451790665939,-0.098507724756726,-0.0968750847023325,0.0940546100017789,0.0879881716352528,0.0960903687156967,0.0918304669030491,0.0996352457005213,0.0901539639001265,0.0696012717031679,0.0496340382873828
0,0.0861295989417263,0.0882453370742989,-0.0985098197974728,-0.0968755987896742,0.0940550450627805,0.087989056732023,0.096091686933824,0.091792964630519,0.0996348892074347,0.0901695278559404,0.0696966259895937,0.0496254097105357
0,0.0861284066934461,0.0882420214450761,-0.0984962324581282,-0.0968620804569337,0.0940380985464455,0.0879531273124659,0.0960189118826964,0.0917433914940141,0.0995261938935186,0.0898846243648292,0.069413361224111,0.0494191411441751
1,0.0891999775069275,0.0920067739844806,-0.144483824708123,-0.148276784048556,0.10591861898513,-11.5935624437041,-0.12666751537537,-0.0688738294026986,-0.056394287457925,-0.013538600058531,-0.00233796073170682,-0.00414728167174618
1,0.0861350950432102,0.0882502351965632,-0.0985902622488793,-0.0969652255727592,0.0941326608940286,0.0720710605550283,0.0958884186906284,0.091746464132784,0.0995971828537022,0.0905373765203616,0.0667155565556415,0.0496822272301736
1,0.0861284528809139,0.0882311353618468,-0.0984890884112626,-0.0968610188045592,0.0940376047652673,0.0879530855738148,0.0960353306259767,0.0917456968564965,0.0995258618310803,0.089887520686685,0.0694108617169771,0.0494332602449815
1,0.0861283916244425,0.0882419776323103,-0.0984971701609345,-0.0968620490767645,0.0940379397916842,0.0879527007162935,0.0960202368252625,0.0917449658477818,0.0995250603705336,0.0898852047135147,0.0694095482843461,0.0494210149608248
1,0.0861669556565632,0.0880517523473744,-0.0861806231738544,-0.0956549188652197,0.0939138170347781,0.0885922445966474,0.0925242534348147,0.0931910930558036,0.101657407027182,0.0858137480127616,0.0329244399527665,0.0418302544429218
1,0.0861284141029007,0.0882417541028002,-0.0984974295934318,-0.0968623455751427,0.0940381376628079,0.0879124828870324,0.0960202304974016,0.0917452309200502,0.0995256658749529,0.0898900010242117,0.0693182271218096,0.0494036812508437
1,0.0523101111817452,0.087404637863397,-0.0984234295351091,-0.0968453230911733,0.0941264249152108,0.0885458707512281,0.09150218830455,0.0932063324314589,0.101601645327153,0.0866794028267552,0.0807914714853398,0.14168954472435
1,0.0865083317328086,0.0893042800647991,-0.102473209121031,-0.101220948239848,0.0995997353815809,0.100370267033806,0.122567435832554,0.125195296375498,0.14586228967139,0.393732479007707,2.08038144740998,-7.19412554029846
1,0.0861637345821994,0.0884290386775856,-0.099367054339917,-0.0978618749988002,0.0953125034464857,0.0906786973891406,0.0982402376269041,0.098408986873116,0.108264791074027,0.0739155667757445,0.0989512659083419,0.170155845807456
1,0.0861283947381233,0.0882419887845896,-0.0984972022941187,-0.0968620874013253,0.094037986106231,0.0879527929887193,0.0960204614852016,0.0917452185852893,0.0995254874694326,0.0898881651389457,0.0694298938387236,0.0493448096793035
1,0.0861286888527297,0.088242809657494,-0.0984956128660995,-0.0968647700756638,0.0940419094817221,0.0879613557277978,0.0960449776053214,0.0917664368479437,0.0995525780511403,0.089949117382666,0.0694858374283925,0.0494659659372826
1,0.0861317548075168,0.0882513294086885,-0.0985325473145514,-0.0968998789408551,0.0940855720066641,0.0879742094098374,0.0962148843558134,0.0919861642429271,0.0998357417796892,0.0906818326016407,0.0701684928732437,0.0499823120544055
1,0.0861272805782717,0.0882388893602607,-0.0984855073178613,-0.0968495952347932,0.0940222143470772,0.0879193551637238,0.095955272199287,0.0916647118949719,0.0994219355734705,0.0896224816413883,0.0691479790839378,0.0492246229578237
1,0.0861274172496336,0.0882392824534882,-0.0984870107491126,-0.0968512395069758,0.094024210164558,0.0878818334008326,0.0959623856905527,0.0916737604807772,0.0994338070457006,0.0896498926826122,0.069194638887403,0.0492044834467634
1,0.0861283915223913,0.0882419781523656,-0.0984971691157822,-0.0968620515588922,0.0940379413379712,0.0879527089049526,0.0960202215289342,0.0917449649790954,0.0995250616542252,0.0898851987582176,0.069409532323133,0.0494209866711959
1,0.0861349784780868,0.0882595895602774,-0.0985666721935699,-0.0969363559713189,0.0941317713305651,0.0881063847016534,0.0963782117525209,0.0922303323371853,0.100153186823166,0.0915978721232186,0.0712658726889335,0.0555026271975944
1,0.0861272807115049,0.0882388901001398,-0.0984855094997873,-0.0968495967150098,0.0940222251830463,0.0879193892654642,0.0959552515231538,0.0916647001872678,0.0994219783554577,0.0896227111542481,0.0691484442952056,0.0492248379820506
1,0.0861283935635918,0.0882419837686945,-0.098497189186026,-0.0968620748887696,0.0940379679323265,0.0879527625220412,0.0960203527619212,0.0917450936356521,0.0995252353060918,0.0898853028721214,0.0694095682682678,0.0494213117730735
1,0.0861283948006221,0.0882419881645881,-0.0984972027032958,-0.0968620871578863,0.0940379863346498,0.0879527942367101,0.0960204296315244,0.0917451491872201,0.099525388723576,0.08988597459005,0.069410046336457,0.0494214637750683
1,0.0861283958735398,0.0882419879556128,-0.098496819090583,-0.0968620469703033,0.0940379767462125,0.087952870848821,0.0960131565004974,0.0917326149361707,0.0995242862051308,0.0898852253469199,0.0694096162125833,0.0494109050735163
1,0.0864469196625264,0.0843118949201561,-0.101804232168692,-0.100394953041836,0.0985174971598013,0.0927909605642852,0.118435623950303,0.120503817026594,0.138709961192922,0.410183883946524,-11.3897469885442,-0.838088988105777
1,0.086402278773091,0.0890096942893211,-0.101183534751995,-0.100017976152283,0.0981072372191559,0.0972589783972857,0.116760033210601,0.118430852583536,0.136446420858,0.366551035989912,1.96027925463114,-6.84589776361342
1,0.0918492643769564,0.0577687958429743,3.11767094026066,0.261520508542341,0.008813576273432,0.169871348830064,-10.8195983548918,-0.341138966389505,-0.220346245389847,-0.0712647056377498,-0.152571482665223,-1.88212472880949
1,0.0861274754721932,0.0882402205627253,-0.0984973435444538,-0.09686277369443,0.0940388190742765,0.0879549047866427,0.0960217278556605,0.0917502526715482,0.0995318905826106,0.0899037042980361,0.0694456592459662,0.049398360578414
1,0.0861741128355978,0.0883133485387424,-0.0851423418326605,-0.095676057697143,0.0941345470777678,0.0904307551029221,-0.179679361974431,0.0806142382455369,0.0910603925905091,0.0826637686980472,0.0502149473122684,-0.200375608476307
1,0.0861283970920673,0.0882419918628386,-0.0984970896299429,-0.0968620864008829,0.0940380037825647,0.0879528708480596,0.0960180213221072,0.0917451750292787,0.0995253807787972,0.0898857903600918,0.0694102197693969,0.0494182756978845
1,0.0861283963999162,0.088241992247748,-0.0984972835000116,-0.0968622023376016,0.094033129843049,0.0879528100739275,0.0960202749501771,0.0917450207160914,0.0995251172271463,0.0898851770802257,0.0694097737488418,0.049421127590105
1,0.0861284021282942,0.0882421500206936,-0.0984985783378435,-0.0968639544288744,0.0939795245840786,0.0879539990553672,0.0960206082924447,0.091745823041656,0.0995263130032519,0.0898890746741803,0.0694132650057707,0.049424008092446
1,0.0863644668985236,0.0889181856380078,-0.0760569072585998,-0.0965941376917628,0.0850534999549576,0.0939937330853081,0.150433192570179,0.111556034626622,0.125519179815667,0.190275499498267,0.542136192689762,-1.11559346995905
1,0.0861311888769967,0.0882499967125276,-0.0985273775942242,-0.0968944395599179,0.0940788566264353,0.0880399262619553,0.0961912218400899,0.0919575512630256,0.0997998015433619,0.0905548424685627,0.0707088795475024,0.0476809002908818
1,0.0861361936313069,0.0882989970098075,-0.0986193359514479,-0.0970838175227312,0.0943312060722742,0.0886089005578211,0.0974934146928075,0.0935134003853746,0.101960019861581,-0.183569243824112,0.0654268180065154,0.0467294125263929
1,0.0857182394215544,0.0875185556842348,-0.0986607314024945,-0.0970843164781762,0.0943285657112698,0.0885866689311062,0.0903816836466171,0.0929708117904509,0.101259080420553,0.0952113311469819,0.0775515584110678,0.101915070870371
1,0.0861305056248495,0.088247862534595,-0.0985193920724983,-0.0968858102614063,0.0940679593565259,0.0880166623020811,0.096145843194488,0.0919007010951925,0.0997264398226493,0.0888763417198011,0.069880623379981,0.0497773485710164
1,0.0861293267745011,0.08824459404449,-0.0985011618037241,-0.0968718376665548,0.0940509731325691,0.0879808086240918,0.0960763808770615,0.0918130173316885,0.0996139259774963,0.0895095888248703,0.0696229541578062,0.0495834276546569
1,0.0861020152591285,0.0882444301859636,-0.0985095859053015,-0.0968756155252874,0.0940552325202139,0.087990682222682,0.0959694378151305,0.0918310257869625,0.0996394450476927,0.0902170214698919,0.0699353166130806,0.0521664855791878
1,0.0861297445338825,0.0882456847045921,-0.0984934117659562,-0.0968750039883701,0.0940563663006747,0.087994552409922,0.0958002233721728,0.0917582154852146,0.0996325046707342,0.0901583642064955,0.0696915009934169,0.0493457958273693
1,0.0862166541154901,0.0731472064837708,-0.0983409275436945,-0.096913163772764,0.0941993919372328,0.08873226712784,0.0678351990044137,0.09189984128201,0.100418021881633,0.0990327365545864,0.111574225733928,0.672924155670405
1,0.0861253873171186,0.0882421672215474,-0.0984979893088832,-0.0968629339145496,0.0940390585828354,0.0879551083541757,0.0960250617293913,0.0917508629137456,0.0995328040239323,0.0898435714823946,0.0694283989166028,0.0494318330615709
1,0.0861384851380354,0.0882600450770794,-0.0948112924424384,-0.0965032114061953,0.0940212610569519,0.0884229122710356,0.0428003179686295,0.0885909756158905,0.0978312861089815,0.0884921493043805,0.0657798319741556,0.00242765411479451
1,0.0837026747052706,0.0882210662898048,-0.0985035025243323,-0.0968758001077019,0.094062281062811,0.0880353375629848,0.0956889569041701,0.09193968018635,0.0997921025920435,0.0906068427814759,0.0703114665508196,0.0519218911661337
1,0.0888009154563078,-0.0870982017268204,0.345089071174203,-0.0594419527805778,0.0989596006948881,0.18626370092738,-9.36904482585039,-0.265553253232047,-0.157349850050824,0.0389995818874204,0.326538590831059,5.09591709174984
1,0.0857553583695788,0.0883092615630508,-0.098732408567887,-0.097148624964394,0.0944052389138988,0.0887429575078426,0.0975152390011361,0.0936878156626708,0.102045463362674,0.0757128913591983,0.0721550108629697,0.0528931375478397
1,0.0875483827802225,-0.112027564002573,-0.073307186935035,-0.0980485016369275,0.100067087030661,0.119199838654189,-2.46766346756709,0.00464943776485889,0.0429231602925035,0.168497997889616,0.623875203117885,8.79852039256488
1,0.0853120972556078,0.0881643272742324,-0.098583977875569,-0.0970724055682785,0.0943142663662246,0.0885872266000943,0.0947148138750686,0.0931974557750883,0.101476851632599,0.09431050077123,0.0832526111040153,0.0432145716514047
1,0.0862978675403512,0.0708474010045122,-0.0992511747055755,-0.0979185652250745,0.0954004375247915,0.0838256672905651,0.0620226472106216,0.0979143117799297,0.108494080672492,0.123213022935403,0.121654148128962,0.964328520208445
1,0.0861284961985269,0.0882411917382197,-0.0984621113821858,-0.0968603385854755,0.094039655982422,0.0879291821996024,0.096069408600224,0.0917639925886607,0.0995494917315463,0.0899688645218995,0.0691610976012718,0.0501946163173393
1,0.0861284010797079,0.0882420049295027,-0.0984972186230861,-0.0968621447765009,0.0940380629982873,0.0879529877408475,0.0960207779634827,0.09174562882242,0.0995258991826744,0.089886252763161,0.0694117248484498,0.0494219857302398
1,0.0965765079464205,0.124664760388294,10.706302162419,1.19617747409688,-0.28769748035113,-0.109658491721333,2.88938883198952,0.057346746402617,0.02428096770071,0.02440850641819,-0.0046162038157803,0.53527448770558
1,0.085569064267187,0.0894095088539055,-0.0953642644287173,-0.100744464952439,0.0999052342844308,0.101896897619755,0.131018913991,0.133976742975405,0.158469447210044,-11.5885852253483,-0.247533897016981,-0.121903522162346
1,0.0861289169587417,0.0882434084413973,-0.09850982339843,-0.0968767039104221,0.094046935814314,0.0816969215562377,0.0958344159561596,0.0915799945229329,0.0993399192256492,0.089570345235961,0.0691314340298673,0.049202267952253
1,-11.5971474449628,-0.0518180739533979,0.0123067987852335,0.011418763235219,-0.00841643507059198,-0.00370749313016388,-0.00261855276579533,-0.00202349638926358,-0.00196103124564138,-0.000389476636528118,-0.000744026304266386,-0.000637346893270543
1,0.086128393631332,0.0882419878274583,-0.0984971942807526,-0.0968620859933431,0.0940379794742686,0.0879527734703255,0.0960203868089057,0.0917451274409583,0.099525353083952,0.0898842882261938,0.0694107427215938,0.0494198278800336
1,0.0861299764745946,0.0882468359626914,-0.0978637181775134,-0.0967961730303863,0.0940293932851967,0.0879740058604189,0.0959388451645248,0.0918121283953057,0.0996223945399862,0.0762667814720373,0.0691193455444369,0.049003501482996
1,0.0861295030332509,0.088245071143257,-0.09850875822396,-0.0968745110580866,0.0940534810766448,0.0879860830951719,0.0960854333158838,0.0918253564003357,0.0996284756988933,0.0901477778645975,0.0696727367537879,0.0496191018676261
1,0.0861328190898378,0.0882555772041187,-0.0979384505049622,-0.096835809482699,0.0940743358866412,0.0880608632926958,0.0971326682227594,0.0920827527888219,0.099947386207118,0.086928610425725,0.0711680872904196,0.0487272843993752
1,0.0861270199742291,0.0882381757000892,-0.0984807005169666,-0.0968466152693049,0.0940173430385321,0.0879132365939925,0.0959681217283275,0.0916545149002832,0.0994178124996186,0.0897846899554687,0.0704394015260633,0.0456591838476178
1,0.0861879937254437,0.0879616128082147,-0.0989501263528804,-0.0975234937592589,0.0949166533259533,0.0903336575307447,0.00701423146726619,0.0919018396252079,0.10182042982897,0.115840899377052,0.190721321832274,1.91143129294174
1,0.0861590826657313,0.0883243546510408,-0.0983294163524605,-0.0971524111576745,0.0944644757449836,0.0889418882234043,0.0986952516501351,0.0945377256743801,0.103285591741069,0.106800834737982,0.14552632018104,-0.146676965537225
1,0.085938347863079,0.0883595574823645,-0.0942286219391563,-0.0967733016582634,0.0944718506856271,0.0893424917439347,0.0671813882339028,0.0934313813896217,0.102473928337149,-0.135987294807787,0.0712319769195441,0.0102366669863469
1,0.138412030809635,-11.5953352808959,0.0257380967972332,0.0361358795511978,-0.0258740919067735,-0.0056568626871562,0.0909374823662753,-0.00106165302952903,-0.00181154000912845,-0.00111833940615156,-0.00204829507155831,-0.0244477492489608
1,0.0861283480626807,0.0882419791786502,-0.0984971731341623,-0.0968620630515364,0.0940379561486,0.0879527266773186,0.0960202599517191,0.0917449829706989,0.0995251534645415,0.0898845916089494,0.0694096681871174,0.0494210423917096
1,0.0861720674187688,0.0883644797697299,-0.0989430845380545,-0.097364458795577,0.0946801775711295,0.0893970791122683,0.0993047526469866,0.0957493124818432,0.104971382021984,-0.101665907587212,0.144358674596981,-0.158431811666459
1,0.100982389999614,0.134201460745447,11.4834665439864,1.26622497866203,-0.288390406098057,-0.0679958874657472,0.649398414437565,-0.0010841597532342,-0.00674213618065399,-0.00219951856975285,-0.00137368713197314,0.0387795592074076
1,0.0878385894540956,0.0981005838077582,2.84123269570795,0.254201173523239,-0.00905885343000888,0.0363501842555745,0.891988588857693,0.0901795080566211,0.0887572114297269,-0.00655084241183197,0.163823863540201,-0.0548142338489209
1,0.0861273430049148,0.0882390659926775,-0.0984855988166097,-0.0968502276349308,0.0940230821649832,0.0879212551344761,0.095959788847552,0.091669460126563,0.0994280948865615,0.0896296433811078,0.0692295684577815,0.0489802966634632
1,0.0861287251832202,0.0882429051998387,-0.098500543346735,-0.0968657768278794,0.09404266103693,0.0879628122683272,0.0960402166198001,0.0917697373225302,0.0995571916216015,0.0899847651564044,0.0696710919908146,0.0487857380744682
1,0.0861283922019502,0.0882419784064285,-0.0984971677573769,-0.0968620558407469,0.0940379466715784,0.087952703894453,0.0960202304321512,0.0917450092457376,0.0995250759016708,0.089885164824036,0.06940947544508,0.0494209177611737
1,0.0852926591075124,0.0882537543139858,-0.0985626099197875,-0.0970103541779878,0.0941989846531895,0.088386808068594,0.0969144674521915,0.0928157160980941,0.100907657099299,0.0896134489926887,0.0729111371390195,0.0520384515206899
1,0.137797002188826,-11.5943686648502,0.034361772926865,0.0391912350886462,-0.0277925417914771,0.0434929598564703,0.133066948862209,-0.0012351057760052,-0.00274858313721845,-0.00479578196704349,-0.00993565573596502,-0.199716904295733
1,0.0861327817072808,0.0882555457026877,-0.0968435943407745,-0.0966921620188877,0.0940185307603758,0.0880093833706566,0.0967478986710056,0.0919776673013591,0.0998293743027564,0.0915329256252612,0.0787568539393106,0.0169998611595824
1,0.0861552142133181,0.087635586436324,-0.0987442864666306,-0.0971239126000368,0.0943715021299591,0.0886753443738826,0.0974727362921787,0.0935178499784811,0.101817466703841,0.0955409576369375,0.0760329310187539,0.0588999306902856
1,0.0861307453287066,0.0882463557318918,-0.0985218488335622,-0.0968884101094113,0.094071238708285,0.0880144972521439,0.0961593979535477,0.0919174556570431,0.0997478143286507,0.0904693803937208,0.0700176874115159,0.0499720150648757
1,0.0861460469415164,0.088285504556491,-0.0986902801754831,-0.0970688066244518,0.0942996465341106,0.0884829221566591,0.0968150851270907,0.0931342344233003,0.101340545578249,0.0953920457094609,0.076133039377531,0.0966306081731356
1,0.0861297122650552,0.0882456578655235,-0.0985066765401074,-0.0968763099303298,0.0940564345998553,0.0879922225412125,0.0960985762304012,0.0918405068765783,0.0996481684242444,0.0902037250985065,0.0698306861545972,0.0492327678862762
1,0.086137584599163,0.0882700241700171,-0.0953987056273775,-0.0965545480960475,0.0939936592880094,0.088075665494486,0.0990771003938017,0.0922871179699645,0.10021430533193,0.0911386973375538,0.0769630571407409,0.0327988046489725
1,0.0861284148514653,0.088242048986072,-0.0984974445970777,-0.0968623537545832,0.0940383233298193,0.0879535246097871,0.0960214627083301,0.0917468664749891,0.0995275516051122,0.0898919274127892,0.069405889452421,0.0494446900305851
1,0.0861283932767568,0.0882419829976695,-0.0984971826616873,-0.0968620740655995,0.0940379583181869,0.0879527559807258,0.096020316782605,0.0917450664250493,0.0995252173591376,0.089885593698498,0.069410090862381,0.0494209886550357
1,0.0861295975402852,0.0882453346066693,-0.0985098698746675,-0.0968756131017753,0.0940550831760864,0.0879893022878121,0.0960923510099535,0.0918345639638203,0.0996412482205289,0.0902450410746997,0.0703378362231673,0.0471890056825637
1,0.0861283914641638,0.088241977635477,-0.098497165971667,-0.0968620540084568,0.0940379420618753,0.0879527144021588,0.0960202229279802,0.0917449418612362,0.0995250632865785,0.0898851643637697,0.0694095398376116,0.0494209969656955
1,-11.597106680395,-0.0518404522508129,0.0126977603737516,0.0114865935278151,-0.00851667539313221,-0.00372495114239329,-0.00254791741924969,-0.00205465475915663,-0.0019970751114139,-0.000638017198493654,-0.000569329669000075,-0.000851291009868649
1,0.0861299249583501,0.0882469292713343,-0.0981405609030624,-0.0968390902832679,0.0940525851033975,0.0880314374901783,0.0912013033229602,0.0916277104515013,0.0994859862487276,0.0900598469014589,0.0694583538709825,0.0457014349971299
1,0.0860748711671322,0.0884466931941855,-0.0990173301575456,-0.0976842216046682,0.0951213112308602,0.0904555165156571,0.0994298296227416,0.0988057425169828,0.109315879664824,0.134844294381755,0.56661638828655,-1.77098055423908
1,0.0736218725760437,0.0863033454519795,-0.0974428827454527,-0.0967114287324991,0.0939709599217282,0.0877912715500339,0.088687847287127,0.091949744546266,0.0999988365052749,0.0934010870696408,0.0762027518575297,0.211959504825952
1,0.0861295031728245,0.0882450710655442,-0.0985088445662966,-0.0968745186057014,0.0940536737760416,0.0879860761563049,0.0960853598086799,0.0918253474043784,0.0996284647694315,0.0901479376381042,0.0696725909865514,0.0496189051578584
1,0.0861277385411612,0.088240160655594,-0.0984903060012324,-0.0968547141526655,0.0940286803120255,0.087932999679258,0.0959820855205054,0.0916978933638619,0.0994646548776012,0.0897336794012282,0.0692589841390985,0.0493149163660107
1,0.0861573560817125,0.0883226871255835,-0.0987947984493043,-0.0971872944419499,0.0944498319560341,0.0888318262469377,0.0977631764252738,0.0938958298508246,0.102307483899764,0.0891816832117637,0.079035074589516,0.0465979248625351
1,0.0861295027015053,0.0882450710487551,-0.0985088357424432,-0.0968745142845834,0.0940536759773716,0.087986074404751,0.0960852900889087,0.0918253420000173,0.0996285016689377,0.0901479760728984,0.069672766411231,0.0496188770095057
1,0.0861389392307813,0.0882750286709372,-0.0986222342632999,-0.0969956798517811,0.0942067564910133,0.0883119865963449,0.0967203130281577,0.092617819752129,0.100651117064395,0.0927833549207489,0.0724551781818854,0.0523806820246174
1,0.0861283920965689,0.0882419799705797,-0.0984971705915118,-0.0968620582074847,0.0940379436671576,0.0879527234865013,0.0960202176213935,0.0917449647788506,0.0995251096842917,0.0898850501711591,0.0694096901594458,0.0494211106751106
1,0.0859003226399161,0.0878117897209303,-0.0979125189999843,-0.0972932179647521,0.0812377365405709,0.0857238131625967,0.0985513670489436,0.0928614401917162,0.101000711979318,0.0958214486647281,-0.0605705940596721,0.0384479237832199
1,0.0861261698013325,0.0882357947560423,-0.0984738399437721,-0.0968371356717634,0.0940064934927919,0.0878857065132654,0.0958903150250821,0.0915846096310241,0.0993188867641299,0.089364469918554,0.0688886364937427,0.0490299643288693
1,0.0861295210905756,0.0882451217316639,-0.0985090305516676,-0.096874719562902,0.094053924663145,0.087986631792747,0.0960864114818383,0.0918266540989326,0.0996302271064023,0.0901523386880385,0.0696786294448837,0.0496163764226916
1,0.086127298071357,0.0882389405921806,-0.0984856882925976,-0.0968497878075581,0.0940224609751794,0.0879198650304289,0.0959562681890777,0.0916659486109728,0.0994235413306721,0.0896280087765972,0.0691528343042286,0.0492273450060889
1,0.0861294627481716,0.0882449527390319,-0.0985085108457722,-0.0968743465006477,0.0940420832171216,0.0879833324671888,0.0960843484019804,0.0918229981397282,0.0996257632977642,0.0901539153561858,0.069166500813459,0.0495664566389438
1,0.0860680403536564,0.0882682011254372,-0.0984083644442136,-0.0969619894251577,0.0941657727489201,0.0882879185641586,0.0940637067674491,0.0924216424628065,0.100454023954458,0.0924720820418211,0.0671397556747254,0.0482687695909529
1,0.0861283920482261,0.0882419774198552,-0.0984971681886887,-0.0968620553699113,0.0940379451941192,0.0879527057517868,0.0960202468350059,0.0917449820754529,0.0995250791914763,0.0898851065173601,0.0694095358455137,0.0494209259974082
1,0.0861283916498145,0.08824197807287,-0.0984971675472993,-0.0968620541208996,0.0940379446656116,0.0879527086350023,0.0960202329857777,0.0917449521407839,0.0995250673194363,0.0898850416330751,0.0694095189769783,0.049421061635859
1,0.0861406465147152,0.088276072297707,-0.0986251988692664,-0.0969995925782672,0.0942117655239402,0.0883224026727017,0.0967517123473329,0.0926418838670682,0.10068115804496,0.0928978037800457,0.0726823040824752,0.0509111848641805
1,0.083340680241172,0.0882226093091631,-0.0985039837105407,-0.0968909472173313,0.0940852919686924,0.0880879502302187,0.0963245522450636,0.0921289333861803,0.100039523981455,0.0560326621139573,0.0696847592496253,0.0489698152228382
1,0.0705707971355608,0.0880553119543013,-0.098345177260704,-0.0967166410269784,0.0939007067144335,0.0878300229488131,0.0958962272784777,0.0916227340027457,0.0993961595856783,0.0831369612598256,0.0691756465628485,0.0492420938985309
1,0.0861272697921425,0.0882422324012267,-0.0984975056935733,-0.096863054257677,0.0940392856644313,0.0879556950978789,0.0960139885799178,0.0917515555176578,0.099533871851681,0.0898322921562849,0.0694361889719651,0.0494020064650633
1,0.0861295063487077,0.0882450790420892,-0.0985088742826854,-0.0968745512498388,0.0940537137299572,0.0879861808495749,0.0960854721066686,0.091825598079329,0.0996287827743092,0.0901484928691117,0.0696737327467591,0.0496195659407978
1,0.0861283916417542,0.0882419782100232,-0.0984971674275998,-0.0968620570213692,0.0940379400468552,0.0879527076286566,0.0960202199380753,0.0917449556641978,0.0995250729622796,0.0898851005744191,0.0694095664784597,0.0494207834038488
1,0.0861379558850725,0.0882685204516343,-0.0985402188110371,-0.0969630154048115,0.0941719933871469,0.0882494219381558,0.0953871145738284,0.0923988633594246,0.100398095168653,0.0849569550897917,0.0715545297985034,0.0487004718749954
1,0.0861297240330105,0.0882456774026652,-0.0984966644946581,-0.0968754345133646,0.094054619754571,0.0879951013762899,0.0959847213129698,0.0918489164836409,0.0996661149494435,0.090451931307129,0.0713410096864141,0.0452251492394166
1,0.0861298764255261,0.0882363324841702,-0.0984261986063281,-0.0968693431292492,0.0940574689694014,0.0880139773440911,0.0932270094612771,0.0916473573005226,0.0995438198851876,0.0901237748413144,0.0699502848994357,0.0558768997195479
1,0.086128397542264,0.0882419960079685,-0.0984972260500913,-0.0968621157823328,0.0940380156747262,0.0879528730004087,0.0960205719312575,0.0917453613031005,0.0995255882321581,0.0898866306946788,0.0694107114742311,0.0494219398793411
1,0.0861283916314928,0.0882419784924796,-0.098497165737287,-0.0968620550978117,0.0940379421457037,0.0879527034580347,0.096020212414032,0.091744958241909,0.0995250791571456,0.0898850678328591,0.0694095298393956,0.0494210599150469
1,0.0642040150013382,0.0872120592434552,-0.0985230660455039,-0.0969084770909081,0.0941667444393447,0.0884771158131375,0.0960897172153113,0.0932114323757711,0.101481548248723,0.0942220110666254,0.0760672162935101,0.0702695578584379
1,0.0861318989660587,0.0882507389185922,-0.0985327350322356,-0.0969015378962381,0.0940881193694096,0.0880592948512915,0.0962144462583388,0.0920148669199023,0.0998772394996687,0.0906634166948696,0.070603778452504,0.0533587731770257
1,0.0861283916406198,0.0882419782806933,-0.0984971670661472,-0.096862055058514,0.0940379414299001,0.0879527106954163,0.0960202176537437,0.0917449434258736,0.0995250725113311,0.0898851057134093,0.0694094625454318,0.0494209959281546
1,0.0861283974708823,0.0882419956105238,-0.0984972269046032,-0.0968621177422712,0.0940380156744312,0.0879528823475583,0.0960206062451835,0.0917453329133487,0.0995255730635531,0.0898866673850548,0.069411059630345,0.0494205830349264
1,0.0861284060628969,0.0882420202726225,-0.0984973181000253,-0.0968622145092072,0.0940381527227836,0.0879531515445049,0.0960211148112725,0.0917459692156596,0.0995264499171948,0.0898885627078495,0.0694132398054129,0.0494223905060171
1,0.0861443285337514,0.0882868461313993,-0.0980298561497004,-0.0969584844444412,0.0942323675585858,0.0883984486657229,0.0979392912165618,0.0929133248370515,0.10102212833518,0.0937225170176026,0.078444888894461,0.034337879313488
1,0.0861297191498284,0.0882456692534521,-0.0985111092485278,-0.0968769407306916,0.0940567315187297,0.0879925706352395,0.0960980647297385,0.0918410292265365,0.0996487402705598,0.0901945668372166,0.0697349496876511,0.0496198706244526
1,0.0863403243903332,0.0890782823370377,-0.0972407969967874,-0.0997175415101395,0.0978792730636788,0.0972870333625721,0.125913061555762,0.11738783502552,0.133645460333641,0.215230885935717,0.746148530818294,-1.83042053057202
1,0.0861281939294552,0.0882430451044773,-0.0985008502343483,-0.0968665759603567,0.094033489934974,0.0879648510390892,0.0960179364261783,0.0917739307269481,0.0995642006691819,0.0900070823299492,0.0699049472221314,0.0480759492181554
1,0.0934082516848911,0.111697256798685,-0.341184836769656,-0.433890415493301,-11.5830855646107,-0.00754706779415345,-0.0228055779676714,-0.0212069602605627,-0.0188308242792746,-0.0054663587044643,-0.0031647426518052,-0.00093613584953723
1,0.0872714901857562,0.0882329674711308,0.254578933695752,-0.0647249788732212,0.0931147003127847,0.149448088463138,-6.89356282525805,-0.193054761499743,-0.118449795005459,-0.10749483894845,-0.47780950219875,-7.07664122342186
1,0.0894945125513648,0.040318645816131,-0.145975295522981,-0.150249416833297,0.026579012687829,-11.5937718637994,-0.123911675751485,-0.0692078239873624,-0.0567278575628331,-0.0135315422023638,-0.00670201991903774,-0.00511811331027954
1,0.0933960572951989,0.111836217118154,-0.340591791147364,-0.433175376220001,-11.5832971013805,0.0710882155700957,-0.0237875250523675,-0.0208770713393107,-0.0185963752781803,-0.0056295271284882,-0.00351517641257067,-0.000192675286558405
1,0.0861284115661906,0.0882420359191633,-0.098497344903795,-0.0968622786099887,0.0940382113418164,0.0879533583674346,0.0960218935816939,0.0917465839682041,0.0995273443238817,0.0898933753846917,0.0694362003547771,0.0493676512209807
1,0.0861283921156377,0.0882419795017013,-0.098497172220279,-0.0968620605125015,0.0940379430778182,0.0879527267142802,0.0960201982148928,0.0917449563145394,0.099525135427397,0.0898851834118647,0.0694096937063129,0.0494210285225133
1,0.0861284034149246,0.0882420033662284,-0.098494885670982,-0.096861880078423,0.0940379774781859,0.0879532203985474,0.095975676483552,0.0917434017617966,0.0995240781629276,0.089884793301423,0.0694071694500373,0.049375560505707
1,0.0861806133682152,0.0884188852436398,-0.09917678715847,-0.0975965280990964,0.0949688275074876,0.089960939962986,0.0994348827404463,0.0967285491207399,0.106030706961676,0.0973518548515071,0.0905131316129235,0.0878890704230838
1,0.0861283925811647,0.0882419796389416,-0.0984971789920962,-0.0968620645928244,0.094037946493674,0.0879527172263706,0.0960202417464826,0.0917449976145206,0.0995251584995818,0.0898847607416175,0.0694096924331754,0.049420856927746
1,0.0861295029943407,0.0882450710413078,-0.0985088229026898,-0.0968745171942031,0.0940536731894262,0.0879860610316124,0.0960853865821605,0.0918253615648878,0.0996285388226135,0.0901478475446316,0.069672593881649,0.0496187734063491
1,0.0860995987176769,0.0882416266041254,-0.0984968956159777,-0.0968617833509956,0.0940376800208683,0.0879524251655602,0.0960199891617464,0.091744701877322,0.0995247516097525,0.0898851299271232,0.0694091909160274,0.0494209090143444
1,0.0861272797255373,0.0882388870627929,-0.0984854987532758,-0.096849586202783,0.0940222054473397,0.0879193520187021,0.0959552544443523,0.091664609789249,0.0994217507724358,0.0896239605279756,0.0691482148420281,0.0492247436026136
1,0.0861285605860484,0.088242447587226,-0.0984989284863542,-0.0968639459410528,0.0940403541327833,0.0879579672256045,0.0960318886659743,0.0916836546929851,0.0995361154055611,0.0899041517145284,0.0694484564031777,0.0494434352222201
1,0.0864344876462471,0.0893509189886627,-0.102488761454948,-0.101451081971059,0.0999547898171147,0.101611802321735,0.127120708163315,0.133013572717323,0.157298991250575,-11.5701414657872,-0.250933915260915,-0.116916427619198
1,0.086128402025311,0.0882420085147374,-0.0984972261375153,-0.0968621541093403,0.0940380837355319,0.0879530292978341,0.0960208055937008,0.0917456632937441,0.0995260207639975,0.0898873551215339,0.0694119896762656,0.0494227818471746
1,0.0861961665996466,0.0884360878515166,-0.0984163931681824,-0.0976235269778677,0.0951607467625986,0.0914245619963411,0.113507332889705,-0.479055913729643,0.0691245362456169,0.0839624009547134,0.0657321518008664,0.0464528739879789
1,0.0861283932034315,0.0882419816640767,-0.0984971831414219,-0.0968620728268766,0.094037955269786,0.0879527351290616,0.0960202719781077,0.0917450479605735,0.0995252019922589,0.0898854025883101,0.0694100246077157,0.0494211660891832
1,0.086128391741612,0.0882419779193831,-0.0984971677667195,-0.0968620585713662,0.0940379351075797,0.0879526982343065,0.0960202173788049,0.0917449499879186,0.0995250917794044,0.0898852017173046,0.069409427570608,0.0494209097569689
1,0.0862041094884498,0.0890378187464135,-0.101749044215705,-0.100350938535435,0.098454837504914,0.0968381970702514,0.117636559668288,0.12014919586887,0.138255194794246,0.409213435826132,-11.3858960387417,-0.840126731976101
1,0.0861262529362165,0.0882210575412469,-0.0984739222629264,-0.0968371685443235,0.0940065898344435,0.0878863227771765,0.0958931992477771,0.0915858887242343,0.0993206402762057,0.0893698820898299,0.0688949579293948,0.0490964873715001
1,0.0861300762599639,0.0882470255624788,-0.0979886986590591,-0.0968124771551012,0.094035445083228,0.0879735659391681,0.0968458553987834,0.0918585909343471,0.0996586213311448,0.0898763172997525,0.0702574657414477,0.049164260417935
1,0.0861272868327925,0.0882389030462403,-0.0984832270261301,-0.0968494047335301,0.0940196626045658,0.0879194769300089,0.0959439816785236,0.0916641835462344,0.0994215070662138,0.0896236356933255,0.0691481109629057,0.0492158346323544
1,0.0861284039343501,0.0882420117255037,-0.0984972944573507,-0.0968621811176323,0.0940381096664704,0.0879530700536074,0.0960208987497342,0.091745851656423,0.0995262286146531,0.0898818999588608,0.0694155259680218,0.0494144414845087
1,0.0861310939506003,0.0882495011971148,-0.0985236205840773,-0.096892204167874,0.0940762802033632,0.0880346591268643,0.096184034208725,0.0919458166447472,0.0997851415716025,0.0896291937947724,0.0705071703969784,0.0482078306112529
1,0.0860920789742338,0.0882424079255404,-0.0985001344389816,-0.0968652445224314,0.0940420796180413,0.0879619391905032,0.0960373754946947,0.0917677623179786,0.0995546430234969,0.0899565622451563,0.069495384585263,0.0495758132622197
1,0.0861527772586443,0.0883101306751121,-0.0987483960319422,-0.097137745495467,0.0943878737908914,0.0887077472718788,0.0975442584498317,0.0936535810414522,0.102027731432728,-0.00103086320651389,0.0737924340216606,0.0462630277439942
0,0.0861280591333789,0.088241060368751,-0.0984937584306771,-0.0968584112771776,0.094033384845498,0.0879435173511648,0.0960035319283972,0.0917256582736426,0.0994912646651502,0.0898636205714156,0.0694120300185044,0.0494279672309336
0,0.0861272796231006,0.0882388875905384,-0.0984854987435008,-0.0968495892778872,0.094022204178355,0.0879193503451342,0.0959552441784794,0.0916646099069141,0.0994217765462296,0.0896239340899181,0.069148373866079,0.0492247232541559
0,0.0861286230202916,0.088242621039288,-0.0984995974863174,-0.0968646485587445,0.0940412208836206,0.0879596760872671,0.0960338901025669,0.0917622729718542,0.0995319683947248,0.0899399350380377,0.0694644550710218,0.0494622354344693
0,0.0861398065921918,0.0882744351981179,-0.0986207069161979,-0.0969941457816626,0.0942053233319799,0.0883152324797834,0.0967487838098587,0.0926635457745277,0.100722033692701,0.0936810306692078,0.073692725555727,0.0527460930052269
0,0.086128392199371,0.0882419780921212,-0.0984971683582745,-0.09686205428769,0.0940379374557802,0.0879526959168995,0.0960202283718385,0.091744973637207,0.0995250855418377,0.0898850549136821,0.0694094886099334,0.0494209313862374
0,0.0861311630220052,0.088249690335964,-0.0985263038687016,-0.0968931773123569,0.0940772522277161,0.088036344769078,0.0961850360468554,0.0919537831583266,0.0995854279446526,0.0905406617365207,0.0700691051194884,0.0499175193193454
0,0.086128392199698,0.0882419780774693,-0.0984971677119294,-0.0968620547296845,0.0940379382327126,0.0879526995560938,0.0960202298592758,0.0917449759928318,0.0995250783524732,0.0898850510696433,0.0694095059843788,0.0494208869555467
0,0.0861297920712679,0.0882458802059374,-0.0985119702565547,-0.0968778809335869,0.094057969910926,0.0879960902519902,0.0961107131396994,0.0918772925590986,0.0988623044822625,0.090190513159365,0.0697187813819566,0.049653947742606
0,0.0861468542707034,0.088294456570929,-0.0987130777779409,-0.0970952424612173,0.0943452434441098,0.0888112568744619,0.0990766868473437,0.100327995882839,-0.0847299879989151,0.0878840017328052,0.0681224539976267,0.0485376541299424
0,0.0861284189707446,0.0882420514794873,-0.0984974477341654,-0.0968623518069736,0.0940383168677752,0.0879535217362484,0.0960217994694232,0.0917469736572331,0.0995269769355536,0.0898921361254542,0.0694165335467043,0.0494262509343064
0,0.086129515746679,0.0882451073002668,-0.0985089633352239,-0.0968746640686077,0.0940538596575569,0.0879864517740968,0.0960860946427637,0.0918262645160336,0.099629711311114,0.0901509973688173,0.0696757765221559,0.0496211860431739
0,0.0861283971853874,0.0882419958483292,-0.0984972217752475,-0.0968621160587821,0.0940380026460606,0.0879528580253171,0.0960205386805638,0.0917453552728571,0.0995249852328355,0.0898862854470182,0.0694108807645396,0.0494219516915769
0,0.0861499115527779,0.088302701212244,-0.0987400920371669,-0.0971235100610842,0.0943779336776696,0.0888324839101689,0.0987940321209869,0.098846733388244,-0.0405845171152183,0.0901911210928814,0.0702987209229141,0.050160955257197
0,0.0861250606028967,0.0882327161393498,-0.0984621964118645,-0.0968246957477799,0.0939907896514616,0.0878527866420658,0.0958255583238334,0.0915047696987046,0.099216218851194,0.0891065794459425,0.0686319973819303,0.0488368186224726
0,0.0861301202571349,0.0882468088539865,-0.0985157385064795,-0.096881922770884,0.0940632702050827,0.0880101629284282,0.0961566892490488,0.0919968235269199,0.0964832376253075,0.0902092576451124,0.069757233905286,0.0496862288003396
0,0.0861295090332456,0.08824508419028,-0.0985088906521784,-0.0968745775825611,0.0940537428506972,0.0879862412754596,0.0960856169820017,0.0918257720950571,0.0996290502229543,0.0901490172028655,0.0696738937754997,0.0496198763744983
0,0.0872803391967939,0.0915138873677836,-0.111932469745957,-0.11137035491056,0.113146988996081,0.141340097973449,0.287166380832348,0.631847842932422,-11.565841254622,-0.0510087677954615,-0.0270854891580239,-0.0179143075454439
0,0.0861390928082115,0.088271772889681,-0.0986100361596776,-0.0969826639509389,0.0941904516330794,0.0882790474155254,0.0966645991728591,0.0925476226012074,0.100561397798951,0.0927565635325499,0.0724056503763286,0.0516984232296663
0,0.0861283922081967,0.0882419779067458,-0.0984971685050804,-0.0968620537342622,0.0940379387785434,0.0879527049597151,0.0960202341101775,0.0917449704833261,0.099525079983116,0.0898851266986025,0.0694094789519246,0.0494209238170389
0,0.0861285225141304,0.0882423418556714,-0.098498536358547,-0.0968635130222997,0.0940397852302692,0.0879566262060713,0.0960278675649459,0.0917544639785624,0.0995355038332363,0.0899159694551078,0.0694402967519603,0.049444224927337
0,0.086126269454371,0.0882360751977951,-0.0984748904175137,-0.0968382442285591,0.0940079054421216,0.0878890098352964,0.0958961771538903,0.0915917688400941,0.0993281437076537,0.0893877971681653,0.0689126110326041,0.0490475634034018
0,0.0861297697739554,0.0882458140263331,-0.0985116552201434,-0.0968775212767375,0.094057459863009,0.0879941908262797,0.0961013182887989,0.091844935122417,0.0996540505641774,0.0902187946903458,0.0697469786930149,0.049675407646219
0,0.0861283927790925,0.0882419779193402,-0.0984971705908235,-0.0968620535988714,0.0940379363607225,0.0879526979085358,0.0960202359798147,0.0917449960955597,0.0995250783581206,0.0898851766704523,0.0694094601645097,0.0494208753725649
0,0.0861283923960984,0.0882419782258705,-0.0984971709113336,-0.0968620559954119,0.0940379394773644,0.0879526983110969,0.0960202520320993,0.091744977911381,0.0995250612739048,0.0898850933166316,0.0694094766605794,0.0494209114769813
0,0.0861283923218635,0.088241978083943,-0.0984971721540479,-0.096862057711092,0.0940379355571582,0.0879527093322971,0.0960202043287933,0.091744975582113,0.0995250697661161,0.0898851853963066,0.0694096421277721,0.0494210559277038
0,0.086128393278321,0.0882419793952601,-0.098497181342684,-0.0968620668005018,0.0940379507596658,0.0879527404276122,0.0960203238646646,0.0917452671279098,0.0995189000784495,0.0898849761357302,0.0694094145586995,0.0494209414798495
1,0.0861412808212126,0.0882778366591478,-0.0986327604669677,-0.0970055678700515,0.0942206447099782,0.088341023358238,0.0967795471846354,0.0926844752329379,0.100735078619162,0.0930132898047119,0.072567441047328,0.0517995058112317
1,0.0862893659609571,0.0886905265495622,-0.100202286338734,-0.0986848917867309,0.0963466457355095,0.0929389659009062,0.106007177782064,0.104315060984327,0.115876702612845,0.141789477868677,0.128548085618506,0.0954845401096355
1,0.0861316343354394,0.0882510542658151,-0.0985415280938935,-0.0967957171943832,0.0940792088950441,0.0880464826934601,0.0962045863752956,0.0919730630341801,0.0998189170699325,0.0906381499553054,0.0701664449861332,0.0499902532119713
1,0.0862316238105311,0.0885295927967884,-0.0995899787972279,-0.098030233851059,0.0955170880703248,0.0911424005474103,0.102393721398378,0.0997624358472549,0.109250429087558,0.121257379930235,0.103831660783588,0.0759340491672622
1,0.0861317585119688,0.0882513892343159,-0.0985409900439354,-0.0968153769663023,0.0940817847614863,0.088050884974423,0.0962128586450254,0.0919832734846555,0.0998320305420404,0.0906713262908487,0.0701996643552928,0.050015352812022
1,0.0861915662992851,0.0884178354789449,-0.0991630947770187,-0.0975736152521231,0.0949375084494671,0.0898754041327274,0.0998112627066903,0.0964627009847884,0.105625079353618,0.10661000401207,0.0868064725133993,0.062632157188383
1,0.086175401423355,0.0883728520636703,-0.098992979273885,-0.0973918757706594,0.0947078851126405,0.0893862601805324,0.0988511676797616,0.0952714857852434,0.104090883492925,0.102500237816242,0.0825627620078043,0.0594157686821036
1,0.0861355535571324,0.0882619267016988,-0.0985728727133564,-0.0969429578482418,0.0941403308653771,0.0881727921505081,0.0964576263915291,0.0922922408828787,0.100234858874475,0.0919427720908517,0.0716103561081382,0.0511043715897264
1,0.0861302262560922,0.088247091537783,-0.0985165921969,-0.0968826466810814,0.0940641974881914,0.0880093430688459,0.0961345514912078,0.0918946917195019,0.0994360411472973,0.0903940627757315,0.0699547893688219,0.0498384425336078
1,0.0861283923695098,0.0882419791265924,-0.0984971732636391,-0.0968620613322558,0.0940379408832312,0.0879527155841143,0.0960202359290347,0.0917450632198683,0.0995232156490083,0.0898851821151646,0.0694096392141633,0.0494210946678593
1,0.0861578342063321,0.0883256848627495,-0.0988418424903058,-0.0972343591735919,0.094528741208054,0.089326689659534,0.100924637786206,0.105540272029088,-0.197011599238054,0.0866394787372887,0.067335499420479,0.0480023594006855
1,0.0861283925771751,0.0882419785292685,-0.098497173132833,-0.0968620595474929,0.0940379372340457,0.0879527109870864,0.0960202394714815,0.0917449756538504,0.0995250972997094,0.0898851687603306,0.0694096246671606,0.0494209886908956
1,0.0861295162078813,0.0882451083842026,-0.0985089780932737,-0.0968746713871971,0.0940538712779551,0.0879865042384122,0.096086086359006,0.0918263197085726,0.099629788751819,0.0901513814681135,0.069676017608152,0.0496213916223924
1,0.0861295934689559,0.0882453431461592,-0.0985133137660201,-0.0968404894585942,0.0940533833849883,0.0879876501970939,0.0960889827011981,0.0918301518274989,0.0996340481066434,0.0901698638786318,0.0696973452299662,0.0496378989729922
1,0.0861297054936151,0.0882456365179511,-0.0985109817543195,-0.0968768072135512,0.0940565794241516,0.0879923416272523,0.0960977467878602,0.0918409515207347,0.0996468208702464,0.0902065822467451,0.0697358942982071,0.0496671588271071
1,0.0861295022635072,0.0882450709390363,-0.0985088422359055,-0.0968745155844166,0.0940536711028047,0.0879860756846989,0.0960852970112589,0.0918253338727489,0.0996285145137375,0.0901479721806942,0.0696726123051287,0.0496189087213748
1,0.0861295599962673,0.0882452268223522,-0.0985094381039541,-0.0968751553573945,0.0940544853272399,0.0879878156171714,0.0960887248788114,0.0918297121674345,0.0996268865053638,0.0901614489585884,0.069686618689462,0.049629473107951
1,0.0861283924531425,0.0882419795900364,-0.0984971691067052,-0.0968620563893115,0.0940379368567762,0.0879527049978866,0.0960202250523093,0.0917449908909016,0.0995251037520466,0.0898850601236939,0.0694095198018938,0.0494208737141533
1,0.086140278767485,0.0882750732975981,-0.0986226031805606,-0.0969960956589746,0.0942074702614244,0.088315936647442,0.0967391709240429,0.0926424685865063,0.100672529565819,0.0931918331848844,0.0729381806310393,0.0521195661526222
1,0.0861338320638207,0.0882571343702805,-0.0985549437923187,-0.0969210586796146,0.0941156470712338,0.0881200574635416,0.0963534744011558,0.0921625080976888,0.100067773795154,0.0915046572147272,0.0711903090033317,0.0507949124502538
1,0.0861283931451526,0.0882419804078675,-0.0984971811706278,-0.0968620704653629,0.0940379481596949,0.0879527111468738,0.0960202570319909,0.0917450592434357,0.0995251582108497,0.0898854126755946,0.0694096321468327,0.0494210314302629
1,0.0861272804133884,0.0882388865306292,-0.0984855095053743,-0.096849596572448,0.0940222107904534,0.0879193815225332,0.0959552802742289,0.0916646411309025,0.0994219289397932,0.089623983455056,0.0691485879998717,0.0492248355081794
1,0.0861284219725197,0.0882420617394439,-0.098497487522112,-0.0968623866964045,0.0940383737840892,0.0879536444905399,0.0960220543951333,0.0917471886330357,0.099528097624101,0.0898932564233494,0.0694179981073078,0.0494275225744093
1,0.0861305975990388,0.0882481197911136,-0.0985204209603663,-0.0968868879656908,0.0940693460929408,0.0880197789698753,0.0961522730512984,0.0919091418108838,0.0997347710373339,0.0904608463301758,0.0700055384624904,0.0498728697035107
1,0.0861283950399437,0.0882419880107501,-0.0984972005855625,-0.0968620905039336,0.0940379808942464,0.0879527837300991,0.096020370326651,0.0917451630268985,0.0995254489859719,0.0898855251375065,0.0694101590334725,0.0494216534860687
1,0.0861403261106863,0.0882753806983339,-0.0986597412419326,-0.0966254116407596,0.0941902864853717,0.0882989193980634,0.0967018008214241,0.0925896297727471,0.100613922434782,0.0927087545009056,0.0722624835217327,0.051569668191864
1,0.086183083180524,0.0883942734521353,-0.0990746106427453,-0.0974791520635199,0.0948185526870725,0.089626654018572,0.0993361719527343,0.0958841037395089,0.104893286677704,0.10505723054692,0.0854226887534026,0.0616283905506398
1,0.0861771423767998,0.0883779937008123,-0.0990167162051145,-0.0974175074283908,0.094743303307786,0.0894940376193739,0.0991560152208926,0.0957314919670142,0.104732781911278,0.107776319670183,0.090370239765097,0.0658547916607063
1,0.0861866499950542,0.0884041971190435,-0.0991120884161898,-0.0975191890105981,0.09486911531779,0.0897340536275966,0.0995461489056152,0.0961444389456712,0.105221222654516,0.105929671346279,0.0863102984323309,0.0622999235613264
1,0.0861310916822503,0.0882495958153224,-0.0985275633062989,-0.0968947481712346,0.0940804222843687,0.0880618596950416,0.0963602702584335,0.0926063919920287,0.0827113118515436,0.0899522851635439,0.0695478728647033,0.0495337861628636
1,0.0861295025147161,0.0882450716315796,-0.0985088422575993,-0.0968745157796216,0.0940536744153747,0.0879860802945139,0.0960853016746576,0.0918253284668385,0.0996285004653746,0.0901479294083874,0.0696726971212164,0.0496189254151562
1,0.0861517621667924,0.088307067336091,-0.0987441554948754,-0.0971260301374495,0.0943720083880184,0.0886712650275509,0.0974572974837937,0.0935817627734548,0.100241672784609,0.0965383888122075,0.076634112295799,0.0549742262835847
1,0.0861284829994031,0.0882422324757114,-0.0984981276054055,-0.0968630778837593,0.0940392305095509,0.0879554458592552,0.0960255289574803,0.0917515414297025,0.0995335171298824,0.0899068137290147,0.0694308923012692,0.0494372897195145
1,0.0861455511793858,0.0882897743441475,-0.0986781421510679,-0.0970554287880903,0.0942824000332569,0.0884750093062183,0.0970490518209882,0.0930255414893225,0.101172486405793,0.094409059579481,0.0741126604297688,0.0530419573601962
1,0.0861334359673942,0.0882560126345007,-0.0985505563295455,-0.0969147319099467,0.0941092364248971,0.0881042882883706,0.0963163294221563,0.0921111209641281,0.0999912223772208,0.0910919808082352,0.070622597674535,0.0503342221244618
1,0.0872236394868313,0.0913595231583059,-0.111392977773829,-0.110799347901879,0.112449978046015,0.140093274860194,0.285212179884763,0.629849839903569,-11.5744560367937,-0.0546913807376935,-0.0300980288239241,-0.0200843114837288
1,0.0861285516152453,0.0882424226739044,-0.0984988654562225,-0.0968638646953311,0.0940402461261008,0.0879577477171742,0.0960305388993346,0.091757965457943,0.0995422262143395,0.0899440223096464,0.0694790402956125,0.0494754956589995
1,0.0861587741670617,0.0883265753454436,-0.0988178331859583,-0.097204710591169,0.0944713547860727,0.0888814426941447,0.0978576642537472,0.0940366544012136,0.102494103331333,0.0981881326774743,0.0781168534566737,0.0560461275525329
1,0.0861283975967405,0.0882419981110658,-0.0984972329649004,-0.0968621270389774,0.0940380281847248,0.0879529006607634,0.0960206141847163,0.0917453744090556,0.0995256624978186,0.0898868375413273,0.0694110235511687,0.0494221585058573
1,0.0861272790595337,0.0882388867528,-0.0984855039446003,-0.0968495933491626,0.0940222100383397,0.087919353231732,0.0959552137811611,0.0916646060573727,0.0994219313315283,0.0896240245963864,0.069148307588712,0.0492247376980799
1,0.0862440087994872,0.0885645254797596,-0.0997288080256366,-0.098179432726193,0.0957098512133722,0.0916034378823482,0.103442383900494,0.101186720024047,0.111289356152074,0.131832369987255,0.118424074270152,0.0878185520108955
1,0.0861283925682454,0.0882419787297238,-0.0984971725715034,-0.09686205759051,0.0940379409340952,0.0879527101919238,0.0960202107164043,0.0917449636614719,0.0995250985872764,0.0898850012038372,0.0694096522589311,0.0494210380025867
1,0.0861291229646824,0.0882440182311843,-0.098504913755564,-0.0968703304908403,0.0940484157508602,0.0879752809561229,0.0960653559776945,0.0918015983915254,0.0995966217568348,0.0901071580130307,0.0696532231329946,0.0496092246439283
1,0.0861285353352483,0.088242380071836,-0.0984986792880219,-0.0968636669175559,0.0940399855385122,0.0879570710986076,0.0960287106115882,0.0917554086729767,0.0995379299871511,0.0899200348159864,0.0694445314709041,0.0494475419924969
1,0.0861284244178151,0.08824207306321,-0.0984975797764049,-0.09686217602757,0.0940384816156644,0.0879542458494785,0.0960258405550625,0.0917609526023255,0.0991779254050447,0.0898807572820957,0.0694065088645647,0.0494189630211316
1,0.0861283927460881,0.0882419793132785,-0.0984971737136131,-0.0968620594326322,0.0940379390278505,0.0879527038250926,0.09602022728138,0.0917449840883962,0.0995251079243949,0.0898850788277301,0.0694096424683284,0.0494209406278479
1,0.086127278865899,0.0882388863801584,-0.0984854960281385,-0.0968495901025947,0.0940222071441689,0.0879193421278981,0.0959552128845218,0.0916645831558716,0.0994218226759557,0.0896239503487544,0.0691484242591778,0.0492245930372528
1,0.0861283946179082,0.0882419842893092,-0.0984971910867499,-0.0968620832816899,0.094037964118703,0.0879527677986844,0.0960202976771307,0.0917451013415191,0.0995252968040602,0.0898856550354996,0.0694100146697841,0.0494214044893654
1,0.08622591255478,0.0885137330065742,-0.0995304099875327,-0.0979666528198695,0.0954370438987922,0.0909745886377493,0.102068264796307,0.0993503338841346,0.109390771595327,0.120163598709089,0.102781346182855,0.075147738298666
1,0.0861288863396716,0.0882433536747624,-0.0985023656056793,-0.0968675857659687,0.0940449512786574,0.0879675963367086,0.0960494528620807,0.0917812199886968,0.0995702410362122,0.0900075180491429,0.0695342687018254,0.0495152279604446
1,0.0861650096177817,0.0883439088703286,-0.0988830963128591,-0.097274422602225,0.0945592332105366,0.0890667336145338,0.0982169150198036,0.0944819548721637,0.102913069360141,0.0995992506434018,0.0795661355856283,0.0571505634037778
1,0.0958175487369503,0.121631636177605,-1.37414665955385,11.510952069189,-0.302122221872111,-0.0445960760748074,-0.0222893671152528,-0.0156537159333366,-0.0139562199771679,-0.00411990765236756,-0.00242922183105893,-0.00163476772770879
1,0.086128393295373,0.0882419800834497,-0.098497181450222,-0.0968620648951947,0.0940379457829264,0.0879527294659511,0.0960202420162374,0.0917450288540182,0.0995251869568132,0.0898852031043859,0.0694099730432118,0.0494210979265703
1,0.0958166128116798,0.121628745257987,-1.37406337631612,11.5102134041364,-0.302099070260873,-0.0445901767323737,-0.0222850822196349,-0.0156500051117258,-0.0139526577224521,-0.00411747854663893,-0.00242730165562139,-0.00163345689534289
1,0.0861284174144458,0.0882420486537041,-0.0984974353697516,-0.0968623401435872,0.0940382951430328,0.0879534763481624,0.0960217030122434,0.0917468187168591,0.0995271701208195,0.089891090608783,0.0694155377315683,0.0494254600496645
1,0.0861295152123203,0.0882451041481971,-0.0985089520594915,-0.0968746503341633,0.0940538440083037,0.0879864450872331,0.0960859764575634,0.0918262102560544,0.0996295577872771,0.0901507282614656,0.0696755909209445,0.0496209862547045
1,0.0861343871974102,0.0882586612849877,-0.0985602647344764,-0.0969294427127446,0.094123109005023,0.0881341498673773,0.0963766513970191,0.0921881558243458,0.100050529622581,0.0913974081753474,0.0709602347823716,0.0505945270674439
1,0.0861295242828035,0.0882451309611539,-0.0985090807761012,-0.0968746613679033,0.0940539860746233,0.087986738287192,0.0960867156080897,0.0918269623806792,0.099630651185655,0.0901545229894649,0.069680204614202,0.0496247310309533
1,0.0861283927414863,0.0882419789818484,-0.0984971695077304,-0.0968620543979991,0.0940379403971308,0.0879526925682181,0.0960202179702203,0.091745024588087,0.0995250794179633,0.089885096689102,0.0694095483105443,0.049420851968798
1,0.086128628561896,0.0882426409824326,-0.0984996646494883,-0.0968647256863491,0.0940413002537723,0.0879598627664241,0.0960341833121052,0.0917622037604871,0.0995473029145841,0.0899420388176332,0.0694671310960713,0.0494644059613355
1,0.0861284573031211,0.0882421607844372,-0.0984979053617681,-0.0968622414620938,0.0940388373345291,0.087954667429897,0.096023973829753,0.0917496528274461,0.0995311308936473,0.0899006916643778,0.0694252067782645,0.0494329541458304
