"Label","PC1","PC2","PC3","PC4","PC5","PC6","PC7","PC8","PC9","PC10","PC11","PC12","PC13","PC14","PC15","PC16","PC17","PC18","PC19","PC20","PC21","PC22","PC23","PC24","PC25","PC26","PC27","PC28","PC29","PC30","PC31","PC32","PC33","PC34","PC35","PC36","PC37","PC38","PC39","PC40","PC41","PC42","PC43","PC44","PC45"
1,-49.572347025473,13.3362204786351,34.7321910822596,11.334620198763,-43.4137248307532,14.2113038657257,-42.9976162696821,14.5058998650634,-4.54847862270327,54.4455630040974,-19.0333547336961,1.49827052879862,2.70632184075608,-16.3117758446228,20.0112969329498,-11.2916591411427,8.29443095945278,-8.52497643648988,3.95889478085834,-17.0805809972813,3.01331367272887,-11.0883670591773,10.4471552678193,-15.3260445064768,10.2595335378108,-3.67785411473854,0.520994390683611,3.45129334847916,-3.47993790624879,-10.9913724801361,3.73998874376813,3.27520378489463,3.93416616728878,-7.51373008170309,-8.6025446055953,6.08856678954213,2.9411325360643,-5.17226843705646,-1.26986643130492,2.9809474257314,0.0961151207508438,1.44075278137298,0.502285967028598,0.36455135414587,-0.525966799608071
1,-47.0442492483589,42.0733260556282,1.31548814839982,-50.3058562207207,-13.1143183321084,2.32422466258328,-2.0761679933881,8.30573834944174,-8.01624064419875,31.1753915670333,-11.8892825048532,25.3631990839103,-0.612137583817818,-15.6594972745027,8.47955637026435,14.3737826546499,3.36178938075548,18.1125802671711,1.03942707321478,12.5776793840532,9.37418544042249,9.3085240343877,-20.2606595492955,-5.82737148201435,-12.7124278574888,-3.66887879672637,-4.06494154040615,-2.91994246223188,13.3370143101255,3.12589259614637,5.36310482393179,-4.67490915762869,-11.157137050694,6.87399282093325,7.2331959670879,-4.13827298681372,-0.482194507979151,12.689383747327,-6.63242720873394,-12.4493786860436,-6.41154761813608,-3.13800744869157,1.03948551271895,1.12383216878963,-2.8242698440149
1,-37.6720434777444,22.3206409267574,41.2893982429789,-21.643959042268,-24.3555351220487,-12.854332441112,8.79240234705753,14.2925973180092,-18.3290254765118,20.8863551364817,-8.08789112706843,4.51970394181897,-6.79903821784307,-6.0099647172636,0.269735087060288,-1.43243916812502,-5.80065608442053,15.6143676486202,3.3893857805431,18.8235437675224,-5.87556672545336,8.6184798942463,3.85805676525902,8.33038706285502,-1.73629613224178,0.293195549637514,-5.12871302812601,-1.6264971545643,-10.1608259967016,7.74085582579332,-7.08967351803245,-6.15650664194697,-1.63855756545353,4.09685216667371,0.724462405821201,-6.04258102174805,-5.42926399154505,-11.437309102519,14.2800993872879,9.19932268925968,13.7899406165696,-3.45129459227162,3.18719544854912,-2.37629262801988,3.51690992671123
1,32.8162461442654,38.9347156789997,38.944051121027,-63.3851569679062,-27.1053042143408,35.1171002490569,15.2799243905202,17.8623525527946,-9.07810841435882,2.53240556168304,8.68543669541667,5.14840575825938,-21.9842286680446,30.4511778323202,1.54946057421512,15.0694626979651,-22.4356744990052,-32.7603257909782,12.0099895740184,-0.755646273846133,1.24301039261461,-4.13775100252079,8.0294649899359,1.66348747057357,-0.906746012366879,-3.65301084374773,-4.59378625271684,9.84895652077874,-1.84440717174302,4.2811858508594,-3.52648669044955,5.82296912033053,-4.41579843728538,2.57381346461043,7.95175935785009,7.10957055775662,-2.70084266845136,0.875971897172743,-5.41621456104484,0.0993800359753237,-0.579538451914363,3.04574424283275,-0.78921582572427,2.89006161744576,1.28315905837635
0,-31.3300057058198,39.0154752388331,-38.9575098419153,-13.08120451482,-23.8819026367413,0.584113125928233,8.64406471373651,-13.6160991045271,-12.0787169797027,13.1715937778705,11.9435853334665,-9.9833802406161,-12.2247360835677,10.9531891444975,-21.3685036094531,-12.5804582032645,7.48462428186946,-0.177393015891163,2.54736973435284,4.64892576393272,7.43705498960644,28.5474989422323,1.54831299915191,2.04727972812061,16.0516026763629,-4.25901229629418,0.0827739528320598,-12.1047138125493,-19.5996983091285,-5.80133630171553,-2.22224157962124,-1.15694917710026,8.35721748242595,-10.0546565067926,-1.65291952015517,-4.47905938140046,4.84155919140624,5.00300556988033,-8.379389999828,-4.44537507858443,-13.1366493201539,-1.99391673674876,5.4913653587736,-0.552051001591001,0.918925943143143
0,7.53321672225809,31.8264165949319,-22.6891023002656,-10.979655995778,14.5793932278786,-68.908202663911,-20.3966438308716,-18.9450188412813,-5.25518250228207,21.4657760056238,19.3481500965122,-11.7244374181442,-29.9703909203496,20.5471902628607,0.308500312783378,-5.71609038838937,-5.31207869943952,7.06879993671433,18.5599226693938,-4.25822045246349,-16.2510334388508,0.168941518863519,-7.87424625661269,-6.97227505136165,-8.99904123396658,4.55145114906243,10.5686093740779,9.09153017420733,13.0675755985367,-6.60537320915229,4.8082092744057,1.56146475361342,-4.18391646205572,-8.74948059318368,0.672149749605034,-0.544313128379079,-2.04629031955629,1.59498296511448,2.41251396926619,8.67744923746131,-1.22936128929794,3.89740357382971,-3.37228219954494,-5.20230486109535,-0.927055255211102
1,-34.4381498945923,40.5790839066508,-19.8306523305418,-92.6307086265102,27.9330672291452,-11.9650927184291,-13.4134015011063,19.1895472630843,16.0689103616913,-13.30424909149,-22.377439434332,14.0619103605744,28.8371101599875,15.5598598712314,-16.7472936440691,-26.3517800527875,14.858943538019,-4.87165775194472,-14.570920564188,-4.20141720812629,-16.1800674952147,4.97141680507268,10.2212164918385,-5.79769268411586,-0.931798728894732,-7.01861019723309,1.2901702211824,4.32698960643884,5.84890187330064,3.75429518303232,3.69571817811631,3.33733213563004,-2.04430688604713,-6.28524619948753,-0.110365276742399,1.01604879288035,0.430733100560229,-1.15146618583533,2.22542140661674,2.06393375615116,2.32285537017028,-3.31417608123653,-2.65491711937969,3.38614874457957,-0.631324976324959
0,-35.465366227837,10.9203105899581,30.6956646808321,1.89739896918573,-18.6096989070899,-18.1116753240159,0.155017352682563,2.57086869842836,-15.7034690438676,3.10121908998394,6.1300450965985,-3.78565399020365,-1.81592551465966,-0.243751352137867,-10.3545699383114,-13.4228420014542,-7.15371193315097,3.36965653229178,-7.84600550543793,-4.39446211384314,-3.76528778398783,-6.07902972297566,7.57839845615481,2.56133649079226,3.39876428417559,17.8999656424191,1.50057641496627,-3.46464520677713,0.231468875255966,4.99091153601608,-0.959934171785709,2.74121422468814,3.48457687191733,9.09345727103161,4.88530435806271,0.162819709007712,-3.41860197681208,1.29206851486257,-2.30473343047875,-7.22754584978232,3.39128286159409,2.5437482065565,4.07841565434345,-0.486065183249694,6.94223264523479
0,36.0675700051583,30.5512211226493,-12.7684806004975,-21.5266328650876,-2.56075826589738,-42.6191496763303,-1.61283886585366,-25.8383660718096,-0.733757426899045,2.0484806174205,-30.372644869971,-18.3054130117907,-13.3148141313688,-10.2210591538539,-3.4380299329311,6.54593809612738,-6.98780510146124,-7.1621205314152,-5.5146095619494,-13.0233439972227,4.33136974579796,-8.73024670122744,-8.94770550937389,2.23236815400589,-2.36047006076313,-3.1842126957591,-3.8771699006299,-5.61528166207217,-6.80564155274427,8.37023626552091,-7.78201275815796,14.4513732821505,6.35133282319079,12.6252745331032,-9.12655757582057,-4.49698037430803,12.6976166577247,3.61477823964469,-0.751808191433138,-2.92624690109636,7.07560041085203,-7.68042619410149,-13.7882520131818,5.89330760709382,1.37887600354845
0,-36.5664298828237,14.503421528522,2.76315406452547,-21.8582756571008,-3.0614781075717,-14.1018572861177,3.43757888871004,-3.16703137376668,3.86149093992991,2.0453704225903,2.76006696816878,-0.414316947635284,6.61475514410126,-2.40613410309457,-7.34158404709487,-4.81931573586946,-1.35563888242794,-6.40756633277538,-0.655036868726874,8.38975442224852,1.40243238245351,-9.67391995041617,-7.20275622261274,6.76752996354344,9.55247723644882,13.5037352940168,-1.30387197911117,-11.9506395218366,0.877841540721091,-3.27067551424976,5.50258949419609,-4.14915990956623,6.81484286110709,10.044398438255,10.0162172950677,11.2242907627656,1.8026532856823,-6.5874758104174,1.00665355930918,-3.60546098872951,-5.36624233994303,-4.20649010898932,-4.27200554642157,-3.10910503654543,-0.17895214767629
1,-35.8246830021314,2.62655709130383,28.8067028514181,1.67477479520118,-15.5834207540723,-15.7070058273761,9.12724949184971,-1.54078312224104,-3.97342573381011,1.99576354819911,5.6185089614627,-5.79878622885941,0.949518846359609,0.0158681441984699,-6.31456951124944,-2.42291743469525,4.71304015988116,1.9666187694226,-9.17808581553293,-3.54592048994869,-1.71347830085226,-6.27381163649498,0.455720670750702,3.27874258596856,5.47624438190933,5.32907607632075,-2.39840349022468,-4.96691652551723,0.425454853643795,5.6144948016746,0.722807945419152,-0.695314358090868,2.04301474412261,4.09682481152186,8.40037996767315,2.96533372451946,0.114007208730261,-1.43384018016842,3.54425784262304,0.898640995682098,-1.85367951429796,3.06082608749572,-3.80210841687063,2.43976072940902,0.517508879176967
1,-34.5241473119941,3.55262661456392,13.2712794524316,-2.1549257143939,-13.7134420408282,-12.7337477446555,7.31986045750545,-4.86871428395768,-0.891732072115255,2.57419477623768,9.32476407092066,-0.891264168010086,3.92219632664021,-2.06665847710164,-6.40923279851801,0.721602858526341,2.18663474466117,-1.7877761173567,-6.29957818013242,2.19025937738346,0.665318898773984,-5.4803554563992,-7.44722136690705,3.07479486301101,6.94482686674557,5.53748533161556,0.278971601072562,-2.16784363024958,-1.1530630778842,1.17810134504811,0.872641285501722,-3.63903992977732,4.60420185666481,-7.92911513806311,2.72953963184448,-0.974289055364578,3.6527778086872,1.9211726611867,8.09965685702241,1.17428560314497,-0.920968037907989,0.265373263662365,-5.66625373332994,1.69976670982309,0.276480952208226
0,66.980676120539,17.7943197551094,15.9600891482872,-15.3893934283784,-17.064171276651,-11.9850181356368,1.1239082995873,-8.59421066943533,5.63671014329731,-0.471166253633542,11.4600605469217,-0.0239632242573024,1.8360002407559,-5.7318264622267,-3.0470092223962,6.78567523993073,4.93460367020456,-6.18805261396853,-5.59267375946196,-2.25008984129925,4.72332991627635,2.09342799435654,-5.56634759839972,8.10065514761519,2.86740400481017,-0.784446828553461,0.998032060858901,6.09109475258566,1.48271523619206,-1.76538688115958,-2.62220216488252,-1.75492884260482,-2.83004353842277,-6.02635517801026,-5.23921187416896,2.70542997008169,6.33073857880251,-9.64907597784206,5.20853767425306,-1.47831614364174,-6.09109582500553,0.145009067865764,-0.362669016546084,5.38078867059106,-8.88007825681937
0,-31.1551291972342,15.3369105620623,50.6815165286489,-3.29466991303142,-10.4697722395608,-26.7391602663787,11.4031397498113,12.8848403791004,1.77807225747788,-21.8150434409074,6.10881457579565,-18.619799093056,4.46702499655897,5.19970467535732,-11.089405752119,6.36332152105023,10.1769036404698,9.9401823065659,-4.28013278244925,-5.74450031494095,10.5035138296241,-11.8481430461787,1.55020019073764,4.47967264016781,-6.10031921485718,9.48550075392765,-14.8839575524566,4.91535273360527,2.61386306917061,-25.4308363961784,3.81631788050948,-0.840429254342479,-13.2805424751298,-5.87829756806625,-6.29453746798,4.69615886406095,3.53830149800327,3.76730742224067,-10.1503056958225,-7.12660787410934,5.36659439059719,3.44775588337969,9.08908800453175,4.31558129787329,3.1052412786523
1,-27.1698195323657,-1.02734526483522,25.2658112429834,-13.3522034831769,-7.45808910762583,-13.9615065822817,6.87025924331764,6.58934280988988,1.6034599653586,-6.77828694425351,4.68114687618928,-3.00465102362153,4.96786663189453,5.13680739912198,-0.425565186929311,6.82237688904744,3.46799239743761,9.10271643294635,-0.18308222951571,3.69294767571057,4.0760264944167,-5.24384845251857,-5.22046077073746,3.89229210665701,0.937065253918057,-0.602194689424385,-3.27927672834011,4.47995843933191,-4.4890641395264,-5.64744882779862,-3.69023936129237,-5.64828756118358,-3.91517197797394,-5.08505734477599,-3.68329711345124,-3.94096835650283,7.92032120044159,-1.83628624782363,12.4015586429606,5.45731539752853,-0.924387897610274,-0.418546220801147,3.54974182594291,-1.60872574057371,-1.98736775283089
0,50.5680754449074,15.180762771669,-18.9779655920396,5.05822577873199,-44.4688122993233,-13.3664079314946,17.9024315939649,27.5966732484738,2.98983713681798,-16.0098577419222,-9.57953299543419,-0.299269009765439,-4.92398532116552,-6.20013908621696,0.91550313380685,0.110686610703296,13.1587791205591,-15.563998111331,-4.24706647519503,-0.876674278844557,7.33399686982011,-4.38075882330565,-13.2133351830946,5.20250683343638,9.55971918277239,-5.28309025483792,8.95671771428155,7.50256374488043,8.0901001850423,0.588573708114881,-6.22204381044423,-7.32678448683634,0.20288219610752,-2.92925389232765,-0.190943384442735,-8.27286850818521,4.21861149739374,6.20667127154755,5.33401499178669,6.47142509433607,-5.83007926565898,0.584557661730414,3.97011443111299,-5.920498027631,-3.55358712055685
1,-25.7363781962721,20.4496870101827,-47.2714930824412,-13.1636044264357,-16.7617152205676,-4.95762373438757,2.32560415605814,-9.79716698001492,1.32789468848292,-5.03820715718394,22.6115517094776,12.6823373183422,14.0658477548001,17.0553432675653,10.9297712549588,16.4788971646112,15.0926911899443,16.1186611950537,11.0848247871668,-14.4044267978915,8.91814066423715,-13.9403639341685,14.3682518357632,0.172248311859916,4.34902429587095,-1.29519834860857,-8.32969914523086,4.60454734212528,3.84092420489498,8.39336021960043,-0.253176707032252,-2.68437716008521,8.42942346153598,10.3576438406416,-3.39879723508282,-8.81325244818847,-1.52468508037753,-4.6598408109582,-0.204827604254527,5.12301494523768,1.20215417677503,-10.7509770127846,-0.132875959208624,1.13276432198791,-2.3903400684815
1,-30.3971426134424,-1.17450317047135,-10.5006282270422,-5.17327856784045,-14.928291158901,-5.75292509154391,4.07531279070752,-9.95878391066433,5.21062205587425,3.30149381023505,17.1755745104704,6.06672942868933,13.0203631983279,-1.99939757082609,-3.45656325717708,10.3979529818665,-6.07148334708217,8.0626627726878,0.769947800626978,6.49022943523172,3.49674220843264,-11.8505260928792,-8.96527738242587,10.5765537345844,7.48197082226008,-15.8063354112336,-1.99264175625659,-3.70813329730119,1.66001153946299,9.78125454261973,7.03040451529077,2.06755454942494,7.7176445349725,-15.3698504055664,-6.55119244993322,8.35745295372585,-13.5082475532011,0.733888942799609,-3.41046942245965,4.82780337744803,3.37281948289847,5.48024276921227,0.147077014213306,-2.75974484261507,-2.69408548539436
1,-11.7634282079585,13.5103938725329,-30.8216024397254,9.8136405723738,-39.4320679453338,1.43354488780624,10.7850889573037,-12.4145840764723,-8.44832093656591,-10.6508666536824,-13.5482333926709,11.6304022953353,16.3264536970809,-4.49758955911645,-10.1267564233007,20.7023521109121,-2.18440056178682,8.40698210611553,1.80035726456332,-11.6819780321115,-6.78733049447229,2.60452929470465,9.09047316024922,-4.33553643890086,-5.118127741529,2.43411740298557,2.80438096243476,-6.08572564606937,10.3563077354003,-4.63339266731535,-10.7241075979879,11.4383921858105,2.26795318713846,-0.936100878340757,1.06692823419601,7.17076630509401,0.269362001185748,1.19330329398034,0.10013165421637,6.69570963274771,-4.78330650459856,4.83571490626421,-0.81863698057495,-14.3374312253926,8.06771556152841
1,51.9614052095854,2.53636036534298,16.2494849353889,6.87116712252088,-20.2052768625235,-23.8913266348568,-5.91646994061857,-15.7911642814868,-1.51396828017451,-4.96278913024207,-1.52384779372818,9.09236035522508,8.15703777629699,-1.07778957884213,4.91121720924948,-1.94686005167428,-4.55342044535732,-2.74601415395775,-2.42052355202507,-1.14322899983258,-4.28304237852022,-2.24100714833704,1.53016551448913,4.5299561322948,-1.45644333966664,-4.64259797764544,5.54254467535932,1.88525650479435,-2.81959801649185,12.0863511412981,-5.53897058200694,0.809005640764392,-0.172354297307743,-1.81390748250917,-13.6851234205071,1.58182898649161,-9.16072564242821,5.79103702049343,-7.15509510656175,-9.7351164851999,3.97820462115867,0.0491794732023931,10.6952108113314,-0.296280893672563,1.49099830505092
1,-32.1186081122751,4.78760461737396,-8.31555586794694,-3.56985746206398,-9.01495275715997,-4.29857649828335,5.49387346834151,-8.71445803480235,5.80352884534736,3.00869859444109,7.13284726859045,5.1023034586557,9.97361833738464,-3.60946839872909,-0.76087975800026,5.34501788778992,-12.4632777119803,-1.3181255399821,-4.8935680893049,1.84388310168016,-8.44678462758271,0.146347173648447,2.4990224877121,1.80532450096624,-0.293926742587808,-2.88784421407708,1.02945078967134,-2.74678800448732,0.598410940094178,1.06453497439206,-0.043773609995712,3.51089699009203,10.8639748517993,1.06893738815918,0.929843970183456,1.69953376835687,-2.33819011715721,7.05460369741121,-7.62443134080406,-3.1490568211128,7.09719183887305,10.3559798803922,10.8048035673773,5.57918353419689,-0.4382439923176
1,-26.2904277068723,8.28679181234061,-41.9258621200383,-1.08661641629404,-15.3142500357098,2.56081317824077,5.36453448898284,-9.63306251744576,9.60654236080469,-1.02831326447152,14.8877587017135,10.7420007578794,6.70093928369657,2.11205736715675,7.32614130003441,3.03001830277582,-3.60864307316859,1.10961232266073,-4.57846707208391,-2.96926813925943,-0.826068016952421,3.01688344933264,9.51657965436052,-1.68606775246786,-3.20176462070258,3.68368040566169,-0.361963869020698,-2.48322778029539,-13.3586127800027,-7.98569295885211,-0.29517655272437,0.599899805568031,-4.16152702156272,6.21612259669882,0.759590185061553,6.46440424074582,-5.30161220687452,2.69110989880975,1.9540528500094,4.31574368893807,1.75449090948257,2.45700163384252,-6.69716280600525,-1.52352331159022,-5.9638320141888
0,56.0178743296893,0.438842930210522,18.6649759879435,8.9604738776627,-15.3478411283344,-18.7226565296581,-4.87413153808895,-17.4387109610032,-1.54280214434033,-3.35169335320679,1.74140182566648,9.63689219089121,6.51658178243812,-0.700834309756165,7.78807072564998,-6.07796289741725,-2.08414233747246,-5.52343180080723,-7.03913911388844,-5.95711245811959,-4.97533678281557,9.81739211934175,-2.40022511919112,5.29163528165487,-7.6960743993579,-3.65484523408073,8.75342134767046,7.11199141076062,-8.81012467638693,-2.56136220571158,4.39219509699828,-2.37129234217271,-3.51930916023856,8.04512555538399,-7.05620240094227,7.25180318308634,-5.51620568450006,2.73449162403828,1.85435656045778,-3.69197203162517,-0.71766645091323,-4.22589575537449,2.70462143420441,-1.34043759964789,-7.51339265253759
1,73.4954132036585,7.15252448789087,10.5114696569989,-18.8619950807167,-8.32028967074505,0.965259897546056,-4.49093190050669,0.445315039818409,18.2743219077072,-3.59391979443326,22.493530539068,3.82786870386753,5.17054702823861,-14.1981314801979,2.78480586509039,13.8802468057419,-6.04300223446848,-9.3364055570045,-11.0223603602421,-7.51897547529117,-0.957349552177324,19.9777339433601,3.49524428934311,-3.11975775134342,-11.1434562096638,-1.88422993064427,-0.811799869632565,-0.515676822335769,-5.25300380300342,-15.6650716058249,15.8001111860408,4.25128778102276,7.89198200940632,1.86216637870926,4.49199124316281,-6.08009797879004,-1.5774453124283,-8.34551395082631,11.8236776449407,-4.53319890712561,5.18176770079663,-2.95303112995195,2.64636609618109,-2.53919788926889,2.2320037210898
1,-28.8533208789448,-13.676937049166,12.3598443294053,19.605307519235,-11.6554074462158,-2.91382874788705,7.17415988163736,-8.22620863418829,4.34508866715916,-0.293798345899489,9.58842433640613,-6.05314393709763,7.94901358346015,-4.1462085425147,4.81715350361695,-3.18634706347122,-2.17028402779748,-9.75615157427906,-4.94922846146965,-6.15737614491214,-0.874154219945931,5.10191088054879,3.55206857969192,-4.16627654378898,-7.84116519658526,-1.41554510109307,-1.67358823502423,-3.39808282103833,2.89379067273719,2.43447961002759,7.04623134343217,-2.52985070224056,2.20796718925262,0.728732338918312,8.80421276236891,-8.08971567258894,-1.89339469997034,1.78494232336747,-1.08323943191143,0.428736158264883,-2.52480791891051,-1.78221758369088,-6.26957301861367,2.4609866784535,-2.97608542577554
0,-26.7474412058198,-18.3814244467297,24.9021383699257,6.53701933216969,-3.79663786757047,-8.66120850067059,4.81885968536993,1.46909879372057,2.48437467546409,-4.64555293760658,1.69004522302216,-8.65958723893516,2.36784075277427,-2.76581343177513,4.06615615676879,-2.20185577417396,-0.357903697323938,-3.75164989385799,-1.81189581567471,-7.43000415043757,4.17858221609359,9.06397856097035,1.90345529471285,-2.97972045863381,-6.03081459084688,-0.666133191552166,0.41207651393244,-3.10991593601007,0.833852950987452,0.229337304020986,4.65289147805377,-3.68959727839978,1.56635469213036,3.10007598037529,8.3594297392296,-5.55703780024204,-3.4939504970879,0.925989287296845,-1.04339461854208,2.36248052032895,4.05090069611416,0.178334629646369,-5.7943278993618,-0.17141695136157,-2.58824446438924
0,-27.1129760699841,-22.6931159883537,25.5257588391575,5.47805964652144,-2.70909889716567,-8.16128694990436,4.78100428537283,1.96011703200049,4.75090669322564,-5.11514456786405,-0.141274629762319,-9.37688818523372,2.20674992033376,-2.93399993349845,4.56109000304865,-1.76379111226903,2.07101444936633,-2.81285887130884,-1.10675658067548,-3.76829403427022,4.31180799406552,6.64066048999905,2.10689762650432,-1.43978273984264,-4.71802106710147,-2.96237612542468,0.0452908532657704,-3.4875266272173,2.27219392276423,0.345936972305623,2.18002875165824,-4.22284878059281,1.60250167275073,-2.24487391955871,4.43757681728301,-4.28005835436259,-3.670141008579,1.08513479395128,-5.26200286334278,0.540255687153874,2.26060116963166,0.0275227356653492,-5.69909367258592,-0.219789744767274,-4.64180302822037
1,-26.346203965428,-3.55498090762724,-16.0629172490184,-9.05529915027068,2.99605653650164,2.89059159660113,1.98625253268322,-14.4461518430454,6.8039353951083,-0.350703813395682,4.91555319429694,-10.7858293577703,-1.59333416829746,-3.33611692177627,9.97444394574909,-4.88563810788673,2.40109100935745,-4.41279379310864,-10.3719222609247,-4.38316114765898,9.3879456818302,0.94523695726372,0.178544776130499,-8.85338332532466,-13.7975443707767,-3.89606277674224,-3.5151221624051,-9.66682753755822,-9.62684579126389,9.38528908336125,-8.20586710546185,-3.53368991645972,-14.7870385204422,-5.35560007806923,5.00294946067032,-6.24086800260566,6.72125519682617,-1.18722648538462,-12.2120770040976,12.4799752541588,9.22804000981269,9.17124890916431,6.30740457485519,0.861419396515432,-3.45299150671163
1,57.0324714351252,-7.67114039122966,9.36556591261012,6.32214711283962,-15.6040879292319,-13.6640378006941,-4.16611481872308,-4.75916612640465,3.47056911068753,-6.58088438046203,2.58350469872655,5.64663178139719,3.31279259182701,-2.251389357307,4.39454143052047,-3.53008404807831,1.51864337549251,-5.28199629126279,-2.50932754192916,-2.59354852608389,0.504464940811795,2.61945186181099,-6.07458141646616,-0.0640420778056408,-6.49728242830203,-3.69021641515804,2.33527726190704,-0.019831077223021,0.019190183840616,6.51449561181941,2.5869049342356,-2.92830569047755,-4.07773079813801,-5.27120660535629,-4.49024727106864,-4.11483669191066,-3.50384366201171,-7.25525039011725,-1.43942341230622,-3.73047956896675,-3.26423597354252,-1.72635109841942,1.36918648774273,9.20843970559559,4.55122903138612
1,-26.2525821042005,-29.0777089793206,29.5933269522958,7.87085188250337,-4.4817302692113,-7.90921010783664,3.39747054458132,4.4909118267786,-0.745344027265604,-9.55783909603463,-0.700528515437463,-10.5661476958669,0.774151992871795,-0.814254669963411,6.02341809566729,-2.93219874909514,2.39612873456968,1.23035746506153,1.47658998641747,-4.34643769713275,-0.310807393166879,1.63057752656622,4.52517256397606,-1.29460809160146,0.176765330609847,-6.11992380327456,0.197585691241361,0.48218621128275,2.48745822145691,2.95919382402056,0.882551205956877,-1.12419020799634,0.330596913372159,-4.00634558664485,5.30727004213058,-4.27188062597422,-3.37052968750635,2.39737086362978,-6.00691369481439,0.271329688174949,-7.1262415883594,-3.46313907395433,-6.930406321523,0.143306243290631,6.75930502066206
1,-26.6307596513538,-18.8727377881184,12.1470104614963,19.6485744057741,-12.890495886285,-2.18766700814914,-0.489606746412627,-7.06098849159232,-5.52280304994565,-2.79069138002629,12.6166475062864,-7.12125432275799,3.75035733272456,1.30520818551302,6.93384522846403,-11.8073812809505,-5.40570268307456,0.744520450375827,-2.31642295526108,-4.64941713807184,-7.71030273768441,-3.1036594246411,4.81039481129372,-6.18697982119461,2.77233637505941,-0.596040403124193,3.96181785317619,1.22853989479294,1.25863385843435,5.86231755303167,-0.668027512325775,-5.3854318551232,-4.66832412821575,4.50934100932145,4.50353259772261,-5.56821701025757,-0.71785615548526,3.88446368006628,0.0296548508697791,-0.101323106733912,-12.1157361516738,-4.31555356622223,-0.541472691372527,6.2509877798601,9.41573655713047
1,33.752934442227,2.01886607215326,-14.1756345339273,-33.5230189089618,-16.6178729520762,41.0905221634074,0.335933274750905,-18.2568153895545,-4.14100312667985,-18.1942383338911,-4.72288618397001,-26.3344141571278,-8.62410541416684,12.4056514907062,39.088685726537,-20.7712755971632,-12.5364758769275,19.5089180439535,-19.9916289400817,0.813971647504091,-3.49429456352493,3.30277959288225,-13.3322039805823,-0.0885074091014844,10.9684516607991,5.80440722630893,-10.077494983053,-1.25124219495334,12.2937622127252,-5.7303495638899,-3.61231999242178,3.01588612823551,5.12151323726408,-4.31366645581143,-0.25680136846244,6.51304372115785,-4.35721399252556,-0.465937216468625,2.68382012620662,-2.52419001949673,3.40088700310264,-5.53075675459625,0.93340636000982,-3.21694850648621,-3.2016934710556
0,24.8330964035277,-2.95998849698652,-21.1759427448676,6.66110964705191,-37.4779289288551,18.1328663979528,9.8675643890943,-6.8911032580608,-6.66098136241746,-11.7585805948599,-7.27350721613662,-2.01996751295756,6.16254187322806,6.30668111588765,6.14571044302263,-6.18485557982679,3.90955684202825,1.79891333928606,9.06994865524475,5.8652962207049,-5.36755242053248,3.04877935263378,4.89862868813727,0.780350644903328,-0.667241604714434,-0.925882614108902,4.81815438838974,5.99018323345574,-0.809232435392144,0.705979181928462,6.52705836136745,-9.2882785450472,-4.3006125788486,4.44781863088261,-4.03764951534731,-1.48271836121073,5.46682949488733,4.63342059936194,-3.22821460668266,0.780037089735347,-2.96414919333678,3.54594329644617,-9.51699495920731,2.45994330381746,4.25904646715881
0,-16.3689647158144,-29.2536172435784,41.5457615088755,-7.57927134115665,-0.317296080807454,-5.02639924550475,4.50901866537396,15.8061984082278,-0.6934696439288,-18.316231690482,-9.6576383178224,-14.9132677616118,-2.07221092018229,2.57473667403919,9.57646756571191,4.81414193931013,0.396226314871611,16.7909529780581,14.5238273098737,6.53853749672716,-5.31992285287535,14.4361246006884,10.7399810048861,-0.909962675905989,-6.88268238425581,-15.424572361869,-0.955375341159506,1.05701620993563,-3.26077374924938,-3.78592013288384,-9.87124925793228,3.91479307970952,4.88318743084714,5.55214365408653,-9.85142059770441,1.99790900457652,2.54446993927929,1.21825066136427,0.724817572757024,2.71926341199196,-9.32234247107995,-1.04196538984695,0.15283902557409,-1.11317515529726,1.67787024179502
0,-22.614258733962,-17.5455318610613,-13.8077233589274,-15.7961916320782,10.6025366562691,-0.0435636779436289,-5.52684039313328,-3.21438957458524,11.3354490526371,-3.97011335636751,3.5980880437315,-2.81789478886224,8.93888945558995,-4.35352508254394,4.83048508976187,-6.14514271299239,-5.74617669858401,-7.46646685905647,9.9532318335394,3.85841606096636,1.41352224371058,-3.00335277973281,-1.13821390713053,-1.93611073811564,3.33282575246374,-5.2895921034854,5.91496531378596,-1.42284713245522,2.33607094133636,-5.48726275897899,-3.00935737407093,-6.66476802598021,0.872682108642512,1.57218980669517,-0.00625332588721551,-1.83248383204461,0.778995564424821,3.10838104862292,-7.40946623098149,4.23013772866972,-4.17848742013045,-7.90797177221791,4.49605131823938,2.682525429438,3.98923816361496
0,-25.5592355485355,-22.6196763619398,-3.6773316792925,-3.9560312701636,6.63150624232742,-0.824722551743268,-1.62222619579793,-4.44509015690055,9.59762743530638,-3.63304435729882,4.25555937324723,-2.07293707800159,2.2994560369066,-2.58073020637069,4.15459667093673,-2.23282339047663,-0.661403527437909,-4.71857760971663,3.61637116972033,1.92088663354264,4.16332143212244,-2.70585784469274,-5.72614721219912,2.07224090421982,2.12208550620702,-2.49887055272751,5.6970055759883,-0.813496739871666,-2.28195655879547,-2.99774271778573,3.53454406679474,-4.72658130117803,0.141420299956848,3.06494470722965,2.48746491269258,6.39858627948069,-1.60107702090399,0.775494952278091,-3.75516591844991,3.30758483618711,-2.41892657073753,1.52709144810491,0.35155146348478,-8.89234081673015,-0.570230227086406
1,-26.8134025916695,-18.171588843466,-3.55895274369529,-0.647013514547251,3.91901393309797,-1.82116144382503,-1.11593347951322,-2.79583752788265,11.3668814976887,-3.7986419685649,6.86468571908087,5.55335220095307,3.78681076610931,-3.75555374514927,4.35306286882253,5.6839763806126,-9.95308221914016,-0.260044764804424,-1.99087143064546,0.00735772519620893,-0.350126303984636,-3.19978314688666,-5.10944399281043,-7.23038879716307,0.976903357288957,5.05382093449623,6.6144777579261,2.93887879477591,2.64990457384036,-4.39114400333265,-2.72704960052802,1.88892386527094,-5.5474733328569,8.15541258411972,2.20424234645759,-0.384204268604763,5.90069590618466,0.73009530627568,-3.47292163906308,4.13969878335642,-6.40251549847724,-0.855488013083491,-0.148291404702086,-5.0303552290855,3.91659396863865
0,-24.293218984274,-21.7559719390623,4.93099895831721,-19.269891522162,11.9128903033337,-4.65238167621446,-3.67844983453957,6.07323060249629,15.3370605767078,-8.1680191845538,-6.18350632435862,-1.28047645698164,7.07941345412383,-4.01048704650117,2.44397920206421,-8.60421013500739,-5.94514256754028,-11.4511850929242,13.6502621214263,6.21204667777596,4.9670305130376,-2.17963219589276,-0.294430366400911,3.59206909064868,0.377708332186445,4.48394766088143,0.0738207413870602,-4.76695080734797,-0.509779464140373,-0.950194665910652,-2.34686104874257,-3.9943311080657,3.83238461307492,8.50567850813838,-4.63698879903922,2.8090566295202,-1.68206359670866,-7.67987081976471,-5.90947165771876,-2.0319386873715,1.91142745361903,-0.854260670368451,1.4728576450527,-12.4778428091561,-2.90656710415725
0,-22.8134265810704,-26.0110539399697,-4.85854492941348,-8.13478334785497,8.1224534809455,-0.106327194732439,-0.331245015204283,1.13444097470213,7.9073172973022,-3.90420904511617,4.46547024748524,-0.802376889727133,8.09793448218565,-7.27646816159076,-0.130025251964265,-7.21237692905368,-8.62796424209826,-14.4987875729314,10.2252517159509,6.1565472172721,6.91281976186578,-4.29146370835207,-8.91353086384434,-4.92268085048875,2.40556111220966,0.344809087655328,-0.498049881524128,-1.3008127948363,6.10988097564256,1.15765494670292,-1.62344190435563,4.00843012085104,1.9977066095604,-3.10520939791382,-5.70484638789511,-3.35692414579165,1.98515992395629,-1.71875059080777,3.34541262096136,-2.47368007391881,1.8169586625824,-0.373190687351547,1.51128913787067,0.106692106064643,6.77201896719812
0,-21.4715709819079,-27.8541434495825,12.3766303290276,-3.84293277713317,1.84972044368097,-4.16978474437491,0.605195275195211,2.43402440614889,10.9731579378049,-3.83935544049984,-2.00881762731496,0.222813582907664,1.48530183879342,-7.27019649994426,1.00275142541763,5.77324008559913,-10.3286258414381,2.70850874222608,2.42827343760178,10.3412126860595,-5.29766127988231,1.10261499490662,-3.94086060859026,1.17504278336522,-1.63163227060747,-2.37973319086444,2.12664475362483,-0.206499237633926,-2.45072121006158,2.24743344556968,-3.4749056483459,4.10446291955074,4.78509131628319,-7.23108479267376,-1.73223546700632,-0.0995264071347854,5.91398779606247,-0.611129838306969,0.0986449571818674,2.16826308645612,0.50500211048641,-1.7721649282129,-5.22243544520416,1.60528468557861,-0.486450086790783
0,38.3348072814403,-12.2663183913845,-17.9583662148366,3.0543680627754,-31.4946273340384,22.278848116938,7.92719173461948,3.6283500769047,3.24457814207951,-5.7715040108922,-1.4329714304545,1.0308798594901,1.77448990509492,-3.97949780248088,-1.73150193838028,-5.33150380290612,3.51927262151512,-0.033562697744683,7.1720525321831,8.43762961990737,-1.26088296389471,-0.723336431490153,-0.347672076348598,0.59681206411096,-2.52876665613318,5.05965848214084,1.1898984141213,5.67635919700596,2.59886264565602,-1.90361707651293,7.00959375469164,-2.98614128735193,-2.42763584638824,-4.7652657217624,-2.15726257192924,-2.69556210129452,6.03404529859003,1.08907784587177,8.24212677282328,-4.37637183505049,2.75123048598488,10.0491804922983,-14.0042821314782,1.7019003366114,5.5385331169379
0,-20.3030757671197,-17.6624958760022,-25.4753677714245,-0.528190616730017,-3.14763200145403,3.62957152805606,-4.62482167216453,-3.86147604711604,7.91204032893734,0.769577838372239,4.81837489532634,3.92019436540512,11.1507624049734,-9.39915382901304,1.51893097532221,-1.71027638453861,-21.8963515975374,6.75441939557117,5.73943604946693,16.1378677856718,-11.4908049174806,-3.02952786154017,4.97392384941421,-4.55026006977977,-2.74626422431046,8.82464463286035,1.55325723667783,4.25867867126613,-1.32552158589152,-2.66736754269636,-5.54291408501058,8.14629115961823,-0.87926271940446,-0.688053042082207,-3.60757517825294,-4.22291911617271,13.827445754795,-9.63964722936775,3.26689607780135,-1.74563735180261,-8.27427676592614,5.20522157024222,7.5334220837323,10.3875464856171,-5.26803640201489
0,-12.0920485685816,-10.25014929995,-60.5529527743882,7.23820789882703,-12.113102372535,-0.715775615104675,2.80608200133681,2.48437553308418,3.68916547960208,2.30546532037429,7.72807541598,-18.3405070132341,-6.33255400445028,-6.57750078932627,-0.0570599464224171,-12.632657613712,12.1269455587004,-8.63833832729569,25.6954488299959,11.2436641087462,4.00145261087467,-0.590806625321213,12.1044588511493,3.51360011447736,-11.2898101928293,3.46676726987331,-1.56119485479102,-5.18305256201109,8.54437949216763,2.9821157600176,4.14732711904896,-7.0129259450263,-0.358329399939182,3.79165940590699,-5.15078919930681,7.28813677367728,-1.78416557659561,1.20994243822444,6.73907906756295,-11.9639937603414,12.8572781363378,-5.82976150673085,3.50244909416828,5.78416328726478,-4.71493039412683
1,-25.1412253085222,-19.4104269716691,-12.4725841577226,-21.0946102491329,16.2352285579808,3.5758122966202,-4.71509288002068,-2.86574931695345,7.74913630450401,-0.163100120524378,-1.44458268781911,6.28424148186859,-0.618915391240385,2.8370298181092,11.5679150440051,1.23994900149107,7.2534550039828,-5.3301078053068,-1.51043598240623,2.13008666489009,9.23283776890763,-3.33211612849417,-3.31285787119697,0.579508220570302,-9.8541688855718,9.13508365354676,9.75770032629366,-1.74577029944454,-4.40486362766637,5.05353840051492,-4.50861808299898,-1.63335797643254,-0.716346207763713,-6.845849380095,-1.54039651364332,-0.0667030958690118,1.37582058892721,-3.4271329589795,0.661661062061966,-8.85733272391452,-0.319796090430213,12.8452779763275,-3.58888106402789,-10.0907935489011,-0.375536237211561
1,-22.3703588415043,-25.5228858512784,5.15091967886675,-8.42763942098238,9.48594435819131,0.834590802405706,-1.67027532578265,-3.20047649260727,1.31053487586844,-0.921714188472505,-4.57767780243463,-5.63496431031388,-6.75037209043564,0.510558340242223,8.12495668229239,-2.07976130873239,11.670100692324,-2.83350131773622,-7.8664513155606,2.63509784448679,0.876409990264782,0.829382571355557,3.73274425580766,7.19379865048149,-9.3983526766649,4.73721459650342,4.64696352306728,-2.88352273979539,-5.83560162912256,9.38279252721437,-6.66706925625982,0.605652513331181,-4.11223481532498,-3.24616251142826,2.95631438289779,4.28056272434522,2.51703463839505,-5.88593586255812,7.03147489453776,5.23295916068437,-4.07961457436586,10.3247603842643,3.72939130036082,-3.86022390295828,5.65365218919466
1,47.1584542598426,-12.8695898625933,-28.8646737980836,3.25746100085333,-30.6814078498175,12.6166708424583,6.67878588121896,18.1273853646599,1.98695824941506,-8.25769122326513,-12.9106249150669,-4.706525213212,-10.9547950804476,-9.32373431094387,-8.46298740008605,-4.75171173176045,8.63622257196958,8.57684274975907,-1.92494892005145,7.36396473744818,-4.3137581258837,-4.92058348339545,0.515636435945448,-2.40896822247287,7.36405764987794,6.75353681274869,10.1943126528235,6.4698776761441,-6.1894178943747,4.29178731688511,6.79143935884552,7.0505531591502,-2.10281128743365,5.51784655556291,4.95309275161229,-0.995908859905536,-1.3412884506985,5.73450899080755,-3.33610330889401,1.92852813708983,5.66529450515869,4.34082396279837,3.46025062501663,0.697308952476033,-0.0794886166288035
0,-19.2951456964936,-36.8634383123076,30.234635596595,-3.70544438088387,9.66192029993385,-4.06595737398913,0.6204775235286,13.0661047823357,0.199072823151984,-10.5478475453312,-13.1169624310914,-13.4080013032555,-7.85973650758621,2.05433249480705,-3.78983252162818,4.70751879561986,5.1296447854664,7.98054650017998,10.2822223622323,1.74603246210807,0.196495866091449,6.33186315175762,8.24836138198688,0.125745629593301,-1.64499229061211,-2.02857717933885,3.05428528084989,0.658833801094685,0.90841136634726,-1.25143621792884,1.9622417079843,7.89321128353735,7.42708196160798,0.0442226882014882,-1.86571215135249,2.17357292294012,-1.65063178819339,-0.38196830096942,-7.87203434281651,-6.68041419128273,3.32642594203853,1.79176065789693,-5.9603248881905,-1.33322145640794,-7.2934395114978
1,-22.4459728067827,-30.118343062412,2.34392768842267,0.295188633319301,9.92630789339643,2.00774463928794,-1.77785013238568,-0.11891179753839,2.87321960596761,-0.0199371442983444,-0.442591698661786,2.18284989859813,-5.60701536794325,2.6890929545714,1.01040070074311,3.24002839806499,1.54344368916485,0.1800722371502,-0.435600534814134,3.03204830330406,1.48347541412203,-3.26473337273644,-0.837076718554471,0.570356320614437,2.40338751261048,1.09909386393991,7.77613295027431,0.551519816423605,-3.55839935120735,3.05267273712745,3.01353739407029,7.0852748545018,-0.339865814906633,-4.25264192090477,2.58862469666568,-1.94647559424156,-1.31533678160058,1.18524934104412,-3.36364132044745,-3.8653586866313,0.614342646015476,-0.657687899840839,-1.73915823140283,0.517665765584174,-1.83389531363524
1,63.6598125075984,-14.3326338717438,-1.11683214828154,-3.88259203770222,1.84321248186347,-1.69045995027942,-9.89197167066031,-3.13781196765814,1.9549757182107,-0.628298628086211,2.26363127811474,6.32905220488623,-4.8303404599777,1.19428713510873,3.63937458267402,-2.6886779153698,9.86555925684798,9.69882564912576,4.55095767235123,5.97068738905486,3.18989210384528,-1.02485920416918,5.75715603136785,-2.63962545882555,8.83456205460911,3.78843309444916,2.84419245244113,4.05272783513896,-0.829149158015872,0.50159934054263,8.37482450041029,14.7404112202811,3.17318244755172,-1.03793838707434,11.7939527721022,-9.74913140525305,-2.57526099395031,1.26937168289078,-4.51742701515434,0.539418195485264,5.42538953530352,4.61495100273458,4.4010767641941,-7.55763642168759,-8.22794762294048
1,-19.4644067236022,-26.8537476018821,12.5655496557824,1.62582874737423,12.2406620883942,4.57586918131107,1.03589722410594,0.99335415800021,-0.149934039277087,-4.22126852543853,-2.44868139110065,2.62242437441915,-7.85483145603543,9.38137016179595,2.12843975879481,8.04212275724494,11.6603685063293,4.83991399444835,-5.08928661585198,-3.61831508847449,7.8131895836967,-1.92366522713439,1.43454171842664,-5.68249110703873,4.51532930299514,6.45350080361221,11.3577005864488,-1.35785159442942,-2.74016401848929,9.36887391649691,4.23676304029878,19.6499165012599,-5.76222551021659,5.78208824376523,-3.9678558366785,0.64688352348443,-0.970990275861079,0.335746872246088,10.288182780895,-8.98605959925584,-12.491879058634,-1.20789478201215,7.76707106678768,4.46006694050284,-8.16177377161578
1,-22.5408825758726,-32.050685921197,12.5244098402581,4.50107891995482,11.2377602460663,1.91829724847202,2.50231719129144,3.6786015307752,6.00963474468242,-1.9658400845358,-1.16713712794173,1.85607108929689,-4.04566260259828,0.939872238996997,-2.76186093785328,2.33443343351627,2.87472511443846,-1.44763951812744,-0.395947692297339,-0.979665649091746,5.76852468928728,-3.27420394784923,-2.01632446845799,-1.05873553219336,7.23642197237346,-2.22098887453883,2.95573519779004,3.64255423959445,-2.32164197218393,0.281028269079888,3.79099282416491,5.25092040667585,-3.8318907806255,-1.62409130737291,2.34488642131243,4.02911808718505,-1.80188049323051,0.9338007559124,1.45332811306047,0.927591599012754,1.11875926246827,-1.57959718516554,-2.84192082878356,-0.59054460790801,-3.46641478518498
0,64.7050866319162,-16.0591932632874,-4.19665215387078,-9.86820433366529,6.70185182219517,2.37666437764597,-8.71580288388748,-4.26152115259658,11.0878586197036,2.31895030582838,-0.535757762314414,1.10702396532959,-8.4479386069288,-7.28629852193148,-5.49488327782718,3.82086932839444,4.93635769165292,7.3013904925288,3.10956868533936,2.00289344442426,2.82098077556514,0.342890213538409,-1.74426744919725,-3.2296389254287,6.70612356829266,-0.676937142502218,0.623591879355661,5.72640791479713,-4.5296077093326,-4.27465992390479,2.84444047381297,3.46001861884392,6.20528707714647,1.12089102678047,13.7069527375258,-5.06449733189648,6.41294026843614,-2.96232145013795,-7.00281006861014,5.80462033120112,10.3364087745605,-2.89131511901069,1.28764226953088,-0.97501316472446,5.80438213610813
0,72.6575368547372,-22.2448125281183,15.1449770742821,2.97713434020842,0.31846188258314,6.82150643496977,-6.18488996364914,0.275203596470441,-1.19986329961531,3.09978072018358,17.4809567856494,0.163486877675919,6.80451945609332,-4.53641913691517,-9.61337919984352,-12.2971319635077,14.4748278345619,-6.95054297860432,9.99264394101327,4.25640922936634,8.40359931287279,2.67012144494392,-10.3362778766943,-7.084657489818,-1.3868982623457,-5.55043592276305,-7.34114375524859,-5.31566176483112,13.7453518323761,-2.56144796098838,-14.286549398016,17.1005083390845,-0.923540974191809,4.49953581448727,4.2771452355494,-2.84465015186937,-6.56029687216936,-5.54185227726374,1.47412417192197,3.66038938687762,0.0191021566608528,-4.06969837397185,7.90868728633456,-0.70712071531907,13.7041614420898
1,55.7926233152452,-17.4345689514119,4.26616678452843,16.0425578551292,5.31336437373128,-9.28547612873697,-27.2895618980953,-2.11781346933543,-24.0718002938457,-3.75567511758586,-4.26485617291085,15.3815993653542,-2.8223353591802,13.7222979186475,-13.6602074872379,-13.666228250508,-21.7851727454718,10.5730182811021,-14.4793426448611,9.36661212794399,38.761055963378,-0.932491330798059,16.4646511254327,-6.40458617637073,-9.82345138917697,-6.62917857246082,3.85680901258408,2.23690083272683,9.97097478983321,2.4691410833989,4.34487575572543,-7.65285680975823,10.2489873267518,-0.17051772884064,1.08959266008358,8.19269358592858,9.87645855450028,3.31024795948566,4.81987507331093,3.75422654620282,-0.880493183609247,1.31557344356255,-0.581172026174259,0.0125525135028118,0.60837049020517
0,-23.3640706702536,-22.0428558360329,-7.37823369677897,9.75327122575371,7.91697282915289,5.01732677482946,2.58598815633876,-5.15617443181478,8.49058948630988,0.883090212315399,1.04903912340906,6.60967795593989,-2.08156049810026,-4.15294193297791,-4.12033574251364,3.92042028541373,-7.97726846924547,-3.17604555313209,1.99217923130073,0.464279935097279,-3.77129322979745,-2.035656286382,-1.69812535403286,-0.951238928208781,7.60570108855524,-3.21402874258047,1.95477060047294,5.23604848223738,-1.82525320232343,-1.98501610999249,0.958431154329193,-1.03413645944469,-1.72132590865064,-4.55754937341085,7.37263680669042,4.53741369023727,4.14548057593438,5.68504624330403,4.54828079342268,1.55680051327966,4.1694067866346,-11.2540032740397,3.58234234639606,5.84340253412256,-0.703002175908141
0,-21.5717981536006,-33.2244468660588,15.9072794657881,13.7791324894346,8.38223031425712,0.359311544876715,2.1060361654227,3.12297296070124,3.31349730821092,-0.558927752262873,-0.0544407376811156,0.408972744242721,-3.69616920077043,1.85514865737454,-2.66080361630396,3.20019174865276,-0.757568051744203,2.63646590080728,2.08833987883384,-0.263908947235627,-1.70498021538686,0.17177041625993,-0.620421033673822,-1.18463253537249,5.2273435703999,-5.27538886151083,-0.181483661956467,4.57102768950682,-0.555436539265886,4.60737018698255,2.93857075953032,-0.90431045115335,-1.86956733162465,-1.68688271168887,2.52657681204172,1.38186090360679,-3.28654599438246,1.15582450185934,2.3695476060722,0.758311428185578,0.500936551359769,-5.65826878160834,-2.68535924813798,5.51177878981385,-3.64301484205146
1,-20.0777843445191,-34.0396073204044,13.7281007693308,6.84323617661073,10.7155280414294,-0.181917647348916,0.705968515566048,5.5524742586616,1.78557181170528,-2.02226893348871,-1.72630081773975,3.49776331972285,-3.27682846777891,0.618369507605605,-3.22440646170705,5.00363560040325,-0.315639065611376,4.41944723132993,1.78151099124176,1.92655935323757,1.366905936627,-1.44204805394242,-1.36982014299597,0.843387880423704,5.08829574427,-5.61964286040373,1.58746327497444,4.32573000262673,-3.14864528876136,2.33895863891017,0.952526208148064,-0.488948891798477,-2.01231769484156,-6.83200921937999,0.406912352663206,2.01611743919761,-7.36787433787635,-0.13367083202993,3.55907863506521,-0.103399293015152,-0.457790952819949,-5.4456528844667,-5.28271079695882,1.27733265327797,-2.3414673342518
1,7.50285428413696,-13.9300023084444,-24.3382681034037,1.76274438275096,-5.39443350453262,21.8499667873918,2.37527020827375,-18.3283509464325,-9.66857164365623,-5.15964881291649,-22.1737879262531,1.13567500178837,-1.76227280346798,3.16943285833026,-5.92285087798916,7.15793047071173,5.88706481554824,3.34605145798519,1.1371092958016,-3.12765621791795,-1.97899740360921,-4.46260202872114,-2.51359800768981,3.32516110678108,-7.96967924721202,-3.02967348463319,-2.22088802225405,1.20304420658987,-3.63022627808796,1.51383677924275,8.32034641743292,-1.75768691631627,-8.8226531718638,-6.09922807660355,4.1756273752988,6.04915186800183,-0.593886265380288,-1.70600739961754,0.635416521829572,3.54801483464267,4.65282204561246,-6.42227207005582,-0.0957657816077801,2.18618721538088,12.4549785228448
1,-16.1908875793657,-12.6569117987869,-42.2364706927872,10.7715155830394,2.39440696000191,10.4558586538952,1.73683425516736,-8.04811890168137,0.704417316105938,5.65493415800219,7.12082187915531,-4.1597207802978,-9.31325902185436,2.93058920412956,-4.27408544399449,-0.31103169757823,2.90660962379353,3.09100459188292,-2.60327503615107,-1.98851382523734,6.29028137872383,-0.39481923985798,0.587781692256927,-5.19010473587986,-1.89154253804633,-5.40740480093499,-9.2992702753517,-4.18837558960989,-10.0273242069795,2.48986079151394,1.6389179385378,8.65762542254006,-16.6782746012319,-4.13161527752471,-1.53235471591807,10.3088984972955,-0.00520543868193227,-5.74078300810688,3.18739250718305,-1.83371247939356,1.79015881908787,-4.96282491317283,-0.697839806989575,1.92360590769798,3.58599808202271
1,40.5679866894426,-23.9234578537459,27.8335299482496,-8.89009207647245,-4.40883359441757,39.689105057523,-1.34765517924981,12.4296545897935,1.48929068119922,-0.787657711201211,14.3931834386974,7.97914604403703,-16.4613719673593,13.9668729964719,-14.9301129853236,-2.58923720977386,4.9732647545202,10.0314480042989,-1.65929951887961,-7.72960128414453,-18.3782282497133,-23.7501397163505,-12.1883571020363,-12.5283163605497,-15.0473830581849,-11.4961800779966,6.78077678747783,-25.8748904610297,-6.42211309408156,-5.24064259852683,3.18476136497851,-9.08864488837783,9.7140801104815,3.55874246987984,-7.492301404693,-3.5445312141575,6.53652320248413,2.10801325957834,2.89102274886198,-1.82229280791543,0.768690136137534,-1.47470821030468,1.7451905055459,-3.20225270056649,-3.51606982901524
0,51.1690311249784,-15.5529586610326,-19.4742545845207,-15.3836591102599,18.408219539632,-7.53710278275487,-11.6673650437963,-12.5642707507195,12.9690336708809,0.350261716087486,-29.1474302984525,-9.40818177679124,-8.51284698959992,-8.5671275981661,-6.57527079160536,-0.919863578592993,-4.27969180661209,-1.82344994934791,6.3868302226457,-2.37687687702211,2.7854718227678,-9.73670368497047,-1.80879788768317,2.06714261247679,-1.19309602218943,-3.57759152396478,-18.4145517662224,6.07517587000755,-12.7065054787895,-2.14811504484341,5.26057698133821,-12.49336491121,1.31076500105235,6.80837067400921,3.71558139294209,3.44734704242019,-10.3260787623689,-1.26887712615509,2.11405687394508,4.3851445632657,-15.3218091895121,0.347414691174179,9.10750892815613,-6.48308649373909,-2.33016671405296
1,56.3843245063512,-23.7642837190578,8.41725154668816,17.0479014463623,1.82890928780293,-9.17997554425184,-10.9036141164801,-5.85845885632439,-4.35584029748843,2.62668964610808,-8.00286455173274,14.7006270500793,2.77238992686075,4.7233495130055,-3.44605597455424,-6.80480618883926,0.423937520087722,5.68670364860461,-0.756269398255055,-0.143699631718041,-11.7641703336564,-0.222601060204618,0.401221045185095,-0.169001105353555,0.753918832367436,5.50692422887132,-0.912148175618832,3.95142849040645,-4.8446614366063,0.271622685707117,0.0268160828406212,-6.62051913030148,-4.51756160197656,1.96442355464673,0.32829128216273,0.0348442001493095,-6.45858824573635,0.465288014324946,-0.615823515637151,-4.48798188689003,-1.89642921987452,0.546348159072637,8.89579088513829,-0.432751364539444,5.94435993996589
0,-9.26412413723093,-22.7678745400425,-0.763179204926942,7.02844062243089,4.19668651336202,12.289107177264,3.77685173486705,-13.3311333491243,-7.6323778856834,1.74193827162921,-27.543224962338,0.712125637784486,1.98790417000146,1.93763622817854,-10.233729060885,6.68471666030898,-4.53332967874506,-3.87054710531346,7.34940247414381,-9.25822386904326,-6.19928362470335,6.14657521864599,-4.41749366875564,1.34465475857612,-4.66945791978363,8.34734024226319,-5.12957120600186,-3.6984771887578,4.70480797548076,-1.45465551725082,6.00509370984994,-3.4073593652584,4.95445880637021,-2.74327444031978,1.86646731569417,0.414195857817015,-2.13358445463329,0.291719695309189,1.44344583411266,-0.976066373690491,-4.16174448157102,7.25046222132437,-0.0385251268402969,-0.11035839428559,-0.240612041388036
1,-24.4761055045853,-27.5736765376591,12.8867470754223,14.3714939592913,11.2818442086146,0.725817452782753,3.01612194463809,0.716312478941487,3.02519331315659,3.96604220166356,-2.25519418029384,-0.0948095822227217,-3.79698996425577,2.27878098599201,-2.60681852742881,1.43769400829814,-1.94668545798587,-0.230701959071068,-4.6097006830405,-5.42631287914156,-5.08079800475403,5.7157799148612,-0.941471178008036,-1.04446466558596,3.0865617314014,2.91475916055994,-6.82780727546287,0.596450386389191,4.27139264795564,4.52967066149536,5.52203422887232,-1.60920542832505,-3.53038673543726,5.61760372171767,3.24864954181668,1.17772449865611,-5.02475982727331,2.4153475488114,4.62034677475498,6.99590902788145,-0.668972378277664,-0.248961570115103,3.33618878996433,2.93437205837919,0.304286657550984
0,-21.3380972107677,-24.1209524902465,-0.577483101117411,-7.05218134268244,21.6269289295324,5.74115482280764,0.866792401912528,5.28525732793089,6.64899681797552,1.36199757213732,-3.31686490123685,9.15845163600629,-5.14522813287265,11.3680434678559,1.40019269075698,9.77607751829151,3.15079942938125,-1.85086502005988,3.18783218626051,-10.8456965196953,9.25632023147648,21.8964841546989,-14.2447712077845,-5.19450946158507,15.4096919510929,10.8172594776298,3.21058712406693,-5.09029193369947,4.69499023240623,-0.332973646508357,7.9902677234081,-5.898527195501,3.18181584870405,11.5966168281788,-21.4010476491146,3.59999070349102,-2.96184735997114,2.3568247341419,2.5783979334504,12.186989926703,8.60943977632946,11.3044722738162,1.19847741162903,9.69264000047077,8.78000503075057
1,5.26266357611936,-9.04785492417636,-65.7036798051289,28.575098142253,-16.1388002717133,-15.9115200845734,1.38609343087566,47.7984864892577,7.90658293231607,-3.44559965879733,-3.36259755182102,7.12403175299806,-13.6042071947829,-5.7039319570669,-7.71130648151199,1.45823124679235,-13.8539520226104,-0.759710880918534,-12.9374354178457,-0.262778672210071,-3.01836901255177,4.00305568219192,2.88060267892641,-6.65960895453438,-1.81075399917855,5.69780717433758,-4.7294255777927,-7.32931319967841,3.91441727201225,-7.58168545999761,-5.23476723792144,1.93804721297558,-8.12033856762388,3.04064715877311,-4.55819300880269,3.32129345017888,-6.00528879658485,-2.39641953874454,-5.0114333144423,6.00773147552566,-2.3727998231633,-7.05605255500259,-3.32592436724984,0.116062783470271,-9.17543143359694
1,-11.0303858222797,-11.4242791711536,-25.8921590959801,-21.8481937352357,24.5252227793096,0.0883868923467711,-52.3745972175146,13.189225703519,-80.4109288734471,-32.0783096272044,18.5253989490181,-5.8044366799638,4.92133866982145,-20.0916323258145,5.37067280845638,14.2684814957461,6.99720617783941,-11.7254406465128,-0.79422442730495,2.07434520292662,-9.4025004235496,-0.185076309982105,-4.28011254255944,-0.160050909843579,4.36508791293529,-0.85634394090131,-4.14201650513881,-0.307595684487862,-4.80206610439529,-0.198622929693691,2.89218821672571,-1.65430565864783,-0.0814224385573401,1.37105314551929,0.193044654517468,1.35466767132711,1.69048190981177,0.990643190275795,-1.18940963594549,1.63011340163568,0.251330953626124,2.19187398240682,-1.17848551227419,0.819088009146159,-2.50742438861902
1,-18.8106878307503,-26.5687567404553,3.86530178649454,2.00474905887598,13.7468245123845,8.54671848017786,-6.70926446873222,2.71399547541347,-3.76311522843131,-2.27443197071055,-2.69344286894454,14.1282529583194,-4.48425922182678,3.56848881348171,-1.70559868444982,1.60908212066611,-4.50653656501,-4.75897672703609,1.66330044199861,-15.4838824100406,2.20396900931774,5.93913588942346,3.44273204103907,-0.109306916931348,4.8979275727009,10.8995426808628,2.43009443437311,1.2451525576707,-1.2782574807898,-1.74745842570204,-21.6298088277727,-9.39489385168218,-2.13152046438738,-8.18540545866833,-0.34517207810468,-8.37717985091639,0.538442088809834,12.4038846954742,6.69733726063083,-6.75684013113684,11.2137422008239,-10.6630284417434,3.18981965300937,-12.3665162681584,-4.81862320469618
0,-20.8624129961906,-23.342800653773,-6.37536280515778,23.3270874128464,-1.87052280594689,9.67674980668536,3.89699232197852,-10.0405981036582,-5.31648499162821,6.29346929179798,-1.00736069249999,3.14274366534297,-2.3107183448846,-1.45106565689296,-8.17983322173531,2.43410857058466,0.305046123917641,-9.01623308867207,2.63525534576582,-9.25699739474431,-6.73423156249617,3.93142046730174,0.94691867778516,-3.57637584895802,-1.26380441528956,1.90997334177207,-8.7628834935168,3.98909893105365,7.28026082555997,4.14475400356271,-7.98218695248455,-2.37250775149987,1.51203028933307,-8.66807313573507,5.63478496834678,5.16717635672957,1.93685183568374,5.22460608375225,8.61103141123309,-8.76530804622199,1.19714688306862,-0.0141687809069823,1.31001188157506,0.824426276584014,-2.05272631126828
0,71.8548649507534,-19.5755154651586,16.4847641417625,8.31617141309573,2.17236089266538,8.27233549782996,-8.11836672238572,-0.688825850932267,1.99882593735127,7.80390676933334,10.5784055270795,10.6960290695895,-1.02909725354757,-0.565137239200861,-10.3545761163402,-6.13892760673267,10.1790910631742,3.97558386238981,-1.34567901747352,1.23481617208636,-4.67409228677798,4.83853515335725,-3.13476747793106,-2.27829755009391,3.02873027225126,2.10812423521661,-9.00467645378558,-4.06790175074322,5.98822652023752,2.87345583563571,-16.0541545295911,-4.20637751594933,0.367582018111543,1.67478875719334,0.268106352624551,5.07401174897593,-5.23235137210534,-5.28275529908547,-8.62001164491661,-1.64616655230451,-0.554876060640529,5.59335702692346,-10.8446402675047,9.74893671578142,-6.99767131648823
1,58.4651733592591,-14.7756087333523,-6.24271197095839,-4.62649694057691,14.6427760571519,-3.96560468256468,-8.3620589090377,-10.2926128194833,5.89324775665222,1.52075792499562,-10.6920604989243,18.9108223006645,-0.713744434753897,6.81159424330511,6.59929127415664,7.86629580073723,4.10081596998572,4.89029759661602,5.54880480890043,0.657817079623133,0.406434614661772,-4.71148750877976,6.38048478263704,1.44671058125168,4.69259596710908,10.7667228842278,-15.8943997155028,1.7633440809448,-4.16162833655154,-6.16563840328162,-8.35807227848536,-8.24028838142434,6.03634089299128,-5.79406430927245,2.16264635482249,-12.7604904122042,-1.96102804065452,-5.26067257470353,-4.51321778894267,-4.34244928041756,-3.79498183972013,7.38641956578617,-7.30397493253875,7.68637265052036,-1.9986186458221
1,-17.3299160383276,-25.8679245684082,-7.01042155364579,5.20252547745134,17.0518397171053,5.74768076412924,-3.50582259543431,3.44044110218787,4.01853172669914,5.04625601250018,-0.574992145198147,5.05536786824746,-1.85040076571447,-4.53278778238996,-6.3724672875082,5.13540265810672,-14.5455364694721,2.19180745460404,-6.9900117136308,5.95528050998826,-4.40169054399234,-0.35326820764512,-2.60316888074351,3.49894708859072,3.42212839630757,-2.25220265836995,-3.99227412104967,2.87150884371852,1.91136819302573,-4.26748587621215,-0.31455541866209,4.49395873705011,-0.536761220283193,-8.53940564029934,-4.39846689322803,-2.15104462499422,2.20708349946713,0.0609164211086146,-6.29421764386559,-0.450927748907076,2.23647926999727,-2.90432988499512,-2.62750048857488,4.43412541283813,3.15891436835526
0,-22.6536717711643,-20.8304898736874,1.16401061397984,22.0212319230713,9.88460936332855,6.28058932966358,9.26700268956503,-8.5077462507533,1.48103965209359,12.8311702233302,3.4337635767464,-1.1978748815792,-7.2294959850724,4.53056353711522,-1.59877064466824,-1.65746336598518,5.34594681386955,-7.40667844559439,-8.70821550229911,-0.0901886042205147,-12.900624016786,2.83100862232266,5.21564695468408,9.16703252825985,7.61178347694626,-13.3417681040721,-13.2825183326454,6.6538402492252,14.7401354027273,6.30612180604412,5.07628587527223,-3.73459856446995,-2.24902874868394,13.0418244794264,-1.25267008223136,-2.81714943857724,20.9872743169834,-0.962103039123815,-2.97916673264229,2.83286310623263,2.62304831130608,7.35843991651516,11.0650324153017,-3.90227373704822,-9.7753706683006
1,-22.8800020696583,-13.132044870854,-16.0909831002898,-0.942324798531332,20.9641041078704,11.7902554187901,-0.354761449868735,-5.30767344489916,-0.636343378079513,20.2543746890982,-2.23050876732232,6.10701362836892,-17.276464628703,1.39313896676992,11.9631899939178,6.16021870373212,19.1678121524567,-11.2089380445971,-18.8387712717241,13.8674056718104,-1.38792724249086,-6.88036616554094,11.142866341517,26.8757107030434,-13.7336042999523,3.97702123476951,10.7849982878576,-1.29674359312658,5.84584110435919,-15.8306281974321,-7.18630494932413,2.91365887077868,10.5761326314708,1.69025234390183,-1.37654864029003,-1.16784034708367,-6.61671731005511,7.37326584084316,-1.64911280561696,8.32542651603807,-4.56570020746288,-5.84305921656457,1.0919092282446,10.0243545950615,5.44226088549886
1,-18.8243484839168,-16.4325651428109,-8.03942618377618,19.9679287703065,9.62138442558962,8.44214133098338,-0.21544257994663,-2.93881836350729,-6.89248277434598,15.9078014432017,6.25850027548692,4.80890748292958,-6.13200273367052,5.65870209211973,-6.46769463499953,-2.02324394417974,-1.28808641408017,-4.33270204016155,-14.2156638784943,5.80871504825099,-3.74032371900174,1.34813754337074,4.25393944311965,13.2707096794224,4.58037254490727,-8.81246559154374,-7.30304633809612,4.39350646052899,5.50446671361573,-1.37810007835285,8.78493919410476,4.27784324899277,-8.82118434765076,3.30339533248997,-13.7241206827431,-11.0295128023787,0.0980782943032567,-9.83240022042128,-4.8092171945367,-10.747418062194,-0.309480086503676,-2.00021907797535,-10.2163274922094,-20.0100009304947,8.09267555647107
1,-40.1171616382794,100.368370014994,11.0241793132166,55.58929385947,-14.3774644488505,27.1656766334753,-83.6921655409454,4.97202606310366,37.1944037926703,-14.4071773425007,-3.53245553846487,-17.7383134072459,4.88440402737315,17.1475596576928,-8.4166096098756,12.3333400121906,0.0752908813378507,0.122879135382034,0.453464983403042,8.34994145687064,-0.797554310332048,5.09907307171732,-7.44517680710295,9.9253555935274,-2.53519312235231,0.56230278111468,-0.430049787909741,-0.881676137750448,-0.00324968307370254,5.76323219659723,-3.71924967756987,0.427025554842477,-1.47907462568626,3.69317482301174,4.30663963085133,-2.89931317201888,-0.981179340652638,2.79926241732499,2.48775785875789,-0.745219166510227,0.923768794815622,0.631136884746624,-0.760493647861053,0.0760609209564922,0.159336300681261
1,-40.758283149077,99.5663669601787,21.0298429301327,15.3592214340771,24.6102853663695,16.1862966577886,7.58358568754746,-6.0724074999247,4.87491221205568,-34.811551079139,5.11248439618993,37.8304904660674,-29.6679291825449,-28.9392876773575,5.18773191606582,-24.2157199984534,-3.8407470770606,8.81572573957279,14.9458836795488,-18.0942597385712,2.26699117569288,-0.0933844624335027,3.49625762523369,16.2381375485099,1.69358209769609,-5.00367190161573,0.426185421033599,-3.50242444847795,2.2890452285913,-1.50372652652065,2.39024218310509,4.37165887015639,-2.77278621041388,-1.682080433741,1.03267215425569,1.91396558170102,2.77511789026589,-2.38658980198271,0.257037401826585,1.78326846374709,-1.88457841014556,3.33436900780822,-1.18610157751284,2.42695727074168,0.828073634260404
1,-37.1086240999437,82.4723864392424,19.0255772127172,27.0223427779559,19.39774331581,11.1666860271025,25.2657826946619,-10.3163314221256,2.5268018080173,-11.4103494601536,7.32667208817951,2.52295017193841,-12.5824354103927,-9.68356894939623,-2.57494995885417,1.5123919702501,13.317801974393,-8.67344723229295,-10.9478655073883,19.5914368953104,-3.05381538032242,-1.57784912782258,-1.7691959746641,-30.8629984211416,-9.06783181236383,10.6895063587042,-10.2587278465759,19.9935467975173,-4.36109802498533,8.02561360923211,0.495766072224798,-1.84537698580647,15.3822098774664,-2.08972340719405,-10.9602278331337,3.58225346338303,-3.27653818675245,1.95757554086053,-3.62002951222505,3.2237967245596,-1.43376610179211,-4.95602017568196,-0.601015370619641,-5.68585810793642,1.29585490019039
1,37.6100049588096,64.7955527616438,17.0064752222729,29.8407674442667,23.471354031632,-25.2483654097204,14.8947516485549,-18.9663106316733,-4.61779710744846,-10.3533500448933,-20.9996368538791,5.72222192277958,1.0597789873958,9.93226098951971,16.5453658101542,14.066582392825,3.22351040881767,-12.0480140147617,0.213985359150465,21.167159386816,-3.4926198719755,-4.06871108587628,13.7970441119388,-16.4237445205489,18.4795090276641,-10.6953089037462,3.44123145029386,-24.5867094238306,5.57806931035882,-9.87777115301243,1.6532868402534,-3.18369866843028,-10.0412598203209,-1.73295347285476,4.08912051919354,-0.664889593051225,-1.18731519530194,-0.930009329426185,6.72296197335333,-4.49378572980823,3.54951592337947,2.23637742878382,0.848589033271381,0.653426739015164,0.391366099749858
0,-1.85362268489401,40.0841541336402,7.70629214860677,17.0425605945296,3.22862606812542,26.8849562204655,16.0873217185405,-5.66753961989661,-26.7643081968839,-0.315784482114485,-17.9487881197544,-9.76379856997177,11.9639344923003,4.57316232029097,-12.3920462974552,-5.75757490462403,-14.2604831238667,-4.95978102531062,4.01313513740855,0.34357906876408,5.12962469871172,-6.56416800845693,-2.92918745884115,3.68360825805797,-4.70444198461383,10.297710554072,10.0488780948252,-3.32653192173256,3.87746535854319,-1.75006921186496,7.82367667066578,2.4523489348997,-4.85598913885126,-4.44768090671158,-7.9576452486936,-19.8420982998691,-10.7561699254702,-9.13736500421066,-5.46144348478802,10.197764861052,0.487296956598459,-5.04585153995795,3.93296691114823,3.15156705152821,-10.4461638629992
0,79.9940833139032,42.9180382058646,-3.48078276478089,-37.6423229707193,35.9853661370208,22.0352048423114,3.15468205961526,12.1428212353997,15.4731067390674,15.3287930434137,11.6725232861026,-34.6016055253825,-3.74028841114727,-26.0543831454659,-5.83361384249938,17.4777379850061,-7.34808952236927,10.6506175368333,-4.45462433763822,-10.5493792438486,-0.390161119880281,-0.985907838158672,21.4074415271917,0.358537513787844,6.90114648063778,5.37173472747591,7.1603500815387,-5.17949297573757,9.88492344437632,12.6795753610171,2.8788019242443,-10.3900390192641,-2.62049326132277,-7.12798418198616,-5.4921567680808,-1.08848312148077,-1.18493270759113,3.69796891323044,1.69171244066219,-2.35840650270281,-5.68682827303454,0.347191825660999,2.62011189382494,-1.5963670746475,5.59561889633892
0,-19.5542796829207,29.4756936690627,-25.6954332459504,3.34325469353614,26.6349632785396,11.2167121525502,14.8598329897019,-0.77790759266786,-6.62473674914515,12.1965574078039,2.84026771958115,-17.5633134119078,10.9635929251008,-6.96871670397329,-10.1467921691972,-10.3013169132353,-5.87231986407541,3.88551822671406,-3.29232214998261,-2.41445305895958,4.76709099507666,-8.68011134951582,-3.45580594551137,-3.07111417981308,1.46000534029055,-20.0576407585576,1.38068914544517,12.2549385223385,-4.44680454176299,-13.6969479349842,-11.8645636396845,3.20931794592799,0.040238262315823,11.7675399987349,2.5841469947789,-6.21382095466447,-13.7985851247439,10.6101438999525,12.5967474638839,-4.65247667006983,3.0767980250955,16.8960914438804,-5.00522829498306,2.90944174136883,-1.89660832162338
0,70.6575034706085,27.8469032036112,21.6084733274305,12.1816890277395,16.4119931984575,5.21035172532109,7.79015288471581,3.65099129894672,-4.1942268949325,15.3860265726429,11.9739996452343,-4.70779632090294,11.3579875387523,-3.73770962238886,-4.47965895208165,-0.71156055824758,5.16726636060945,5.93902235744429,-0.659278105706137,1.82392675964251,-0.745556120523354,2.22031870838324,-1.05940979751818,1.15220198413495,3.44952838723526,2.00005707651166,11.0583918923482,1.0663511318054,0.256625155500419,2.1629961215682,-10.2163102598293,-5.12771322831034,-9.82503453837748,6.18184005798125,0.744040353551204,13.527523792251,-0.978102097290304,-8.06307890144191,-6.96605761872902,4.78616645553609,-0.609800482977489,-1.70606903007806,-9.12909000625779,-2.7151523245898,-5.79958039323536
0,-20.2804269550717,27.0651690810309,-7.51416699869368,19.9130839383619,13.2893099747299,18.9406643334876,20.8881536849742,-10.89009846515,-17.8588860832748,8.11950261470739,-15.0620582225311,-11.4706756878894,10.8282139842913,4.55732129171163,-3.90805123402312,7.36979227904676,7.11159512203001,2.77103437035195,4.50427244411696,-10.9092346760938,0.997388259436642,8.94441974023195,-8.80867168630674,1.95699910430699,-8.13177804074573,-4.52798168815531,10.1500864318465,6.05338556255715,6.85698303950364,-3.55541381466392,-3.25312568552279,-0.169144453068027,9.8305009596579,-2.08542475049437,8.82148539509551,8.18258855112621,4.42177221049354,-16.7423854089131,-1.70845810738428,-3.86856428363438,0.968990078152451,-3.44982797994343,5.99693094201411,1.08498536937649,-6.00572081525178
1,-22.3432627707032,26.9364058949975,-15.087618230373,5.93795240856067,30.3882427829701,12.1376203275401,7.89507472404076,8.45678669224366,-5.50520591399385,6.94914462588631,8.09625671371634,1.14917283940491,10.4878708652976,14.5679694059387,6.92107240520964,-0.796134463404011,-4.95042197830576,6.06689780604401,2.31006684716831,-6.79215624854034,5.96362921071179,-3.04684565461665,-6.54352068607831,-3.1172738277006,2.57207552263392,2.32947272619899,8.56763358686806,9.01263770313625,-11.0327493079333,-2.99001174745025,-2.00020738855568,-4.19794871444913,-3.66665845011574,7.31902049437753,0.634645557724417,-4.83299763804857,5.11096077781963,-6.06778737125757,-1.519626508589,-9.3333378527929,-0.285723461235871,-2.64667959113425,-0.752235828462002,2.23203568068792,7.74044717872864
0,63.0368263819602,21.8999887830245,12.6813124246649,20.3815715430591,21.4926984398467,-1.12030061580798,9.40216278772848,6.24642694727057,-1.83449391067161,10.1200597775552,-2.32231230078211,1.6663896469263,17.6655473896203,1.04073847217979,5.61966439783728,0.195447042834211,-0.309338762960952,4.7275927691033,3.10140411156155,3.67419915693351,-6.67970369239,1.06477833059364,-2.51916728978526,7.17369627574823,2.26789720598704,1.79695239092067,7.3607171574439,4.44250365828519,-8.18918106994806,-2.5087438451898,1.6850258140207,-3.17001645492915,1.06064230553211,-1.07090358505855,2.59524811452799,8.85877754168617,11.7016190715088,10.7995333587927,-7.48555294612883,2.06622489483114,8.88196808358531,-5.28078623068807,-0.512161290249994,-1.71744042161759,3.65983786616373
1,70.7392572932911,19.8904794975514,15.9541446744963,19.8994457423659,27.3184061642448,5.70815714137122,12.3656218008966,15.2310801489102,-6.64689354811746,18.5454960059949,6.08016534943729,-0.148309646200527,26.4170300269577,7.03348279479624,10.1259993993111,-10.7501749276172,0.340623321756003,-3.44549219170911,12.0947314288711,-0.0771921647901578,1.45821066773694,1.34804522505538,-2.06032376759426,9.49497087285177,-8.32056924985328,10.3927186901083,-18.6593385440614,-9.73500268288558,-5.61535304909917,4.80585185798906,7.32374363656977,15.861611939902,-0.888290529332088,-4.25779788066922,-3.3202325362489,0.248994002312323,5.93719788397638,18.1900625991406,6.42491547799256,8.67833228608064,-6.72396540561634,-1.73951111899688,-2.86508985039534,-4.57350093289387,-4.23952912912731
1,16.6769130168048,29.7830352329333,-48.5382179267503,43.1454719939527,16.2613040601583,-31.8504467753221,15.776463587597,58.9175173930063,-2.32385625873775,2.66502450530185,-5.34519143962392,-0.335884543744997,-2.75622741279303,11.3641334525253,19.3544950984278,0.303919371413742,-4.73378468406318,0.490934347418187,-4.16976104676402,-8.81087299859059,-1.64962862816362,-1.17613797884419,-7.45432902552232,2.68793157883343,-3.92991865936992,-5.66833362666184,-4.58392206900849,-2.62756814847632,-3.45412031775709,7.86416272470694,1.85494272510435,-0.924198024874503,12.0699620467434,-5.51486969400731,7.0229374181583,1.01398481740101,-0.769031649593445,-8.4201881484978,-1.88386411879163,-7.13391772044816,-0.881334297007144,4.79313664438899,4.29196543216066,1.97994327987204,7.42762177628766
